Variant_baseline,SignalDate,NextDate,Market,Sector,Symbol,Contribution_baseline,Variant_candidate,Contribution_candidate,ContributionDelta,Excluded
rule_sector_cap2_breadth_it_us5_top2_convex_ranked_tail_risk_on,2020-01-31,2020-02-28,US,Financials,MA,-0.01626254702339147,rule_sector_cap2_breadth_it_us5_top2_convex_ranked_tail_count4_floor35_risk_on,-0.01626254702339147,0.0,0
rule_sector_cap2_breadth_it_us5_top2_convex_ranked_tail_risk_on,2020-01-31,2020-02-28,US,Health Care,BMY,-0.01235905220650686,rule_sector_cap2_breadth_it_us5_top2_convex_ranked_tail_count4_floor35_risk_on,-0.01235905220650686,0.0,0
rule_sector_cap2_breadth_it_us5_top2_convex_ranked_tail_risk_on,2020-01-31,2020-02-28,US,Health Care,LLY,-0.01841343711994623,rule_sector_cap2_breadth_it_us5_top2_convex_ranked_tail_count4_floor35_risk_on,-0.01841343711994623,0.0,0
rule_sector_cap2_breadth_it_us5_top2_convex_ranked_tail_risk_on,2020-01-31,2020-02-28,US,Information Technology,AAPL,-0.02294028465213649,rule_sector_cap2_breadth_it_us5_top2_convex_ranked_tail_count4_floor35_risk_on,-0.02294028465213649,0.0,0
rule_sector_cap2_breadth_it_us5_top2_convex_ranked_tail_risk_on,2020-01-31,2020-02-28,US,Information Technology,AMD,-0.006468087054313499,rule_sector_cap2_breadth_it_us5_top2_convex_ranked_tail_count4_floor35_risk_on,-0.006468087054313499,0.0,0
rule_sector_cap2_breadth_it_us5_top2_convex_ranked_tail_risk_on,2020-02-28,2020-03-31,KR,Information Technology,083450,-0.024193548387096774,rule_sector_cap2_breadth_it_us5_top2_convex_ranked_tail_count4_floor35_risk_on,-0.024193548387096774,0.0,0
rule_sector_cap2_breadth_it_us5_top2_convex_ranked_tail_risk_on,2020-02-28,2020-03-31,US,Consumer Discretionary,TSLA,-0.032333560705264726,rule_sector_cap2_breadth_it_us5_top2_convex_ranked_tail_count4_floor35_risk_on,-0.032333560705264726,0.0,0
rule_sector_cap2_breadth_it_us5_top2_convex_ranked_tail_risk_on,2020-02-28,2020-03-31,US,Information Technology,NOW,-0.018174430708306065,rule_sector_cap2_breadth_it_us5_top2_convex_ranked_tail_count4_floor35_risk_on,-0.018174430708306065,0.0,0
rule_sector_cap2_breadth_it_us5_top2_convex_ranked_tail_risk_on,2020-02-28,2020-03-31,US,Information Technology,NVDA,-0.0035935175661456157,rule_sector_cap2_breadth_it_us5_top2_convex_ranked_tail_count4_floor35_risk_on,-0.0035935175661456157,0.0,1
rule_sector_cap2_breadth_it_us5_top2_convex_ranked_tail_risk_on,2020-03-31,2020-05-29,KR,Materials,008350,0.05289433771486349,rule_sector_cap2_breadth_it_us5_top2_convex_ranked_tail_count4_floor35_risk_on,0.05289433771486349,0.0,0
rule_sector_cap2_breadth_it_us5_top2_convex_ranked_tail_risk_on,2020-03-31,2020-05-29,US,Health Care,BIIB,-0.00550564692866113,rule_sector_cap2_breadth_it_us5_top2_convex_ranked_tail_count4_floor35_risk_on,-0.00550564692866113,0.0,0
rule_sector_cap2_breadth_it_us5_top2_convex_ranked_tail_risk_on,2020-03-31,2020-05-29,US,Health Care,GILD,0.007699667246896913,rule_sector_cap2_breadth_it_us5_top2_convex_ranked_tail_count4_floor35_risk_on,0.007699667246896913,0.0,0
rule_sector_cap2_breadth_it_us5_top2_convex_ranked_tail_risk_on,2020-03-31,2020-05-29,US,Information Technology,NVDA,0.06502757521525279,rule_sector_cap2_breadth_it_us5_top2_convex_ranked_tail_count4_floor35_risk_on,0.06502757521525279,0.0,1
rule_sector_cap2_breadth_it_us5_top2_convex_ranked_tail_risk_on,2020-05-29,2020-06-30,US,Consumer Discretionary,AMZN,0.025913345706782255,rule_sector_cap2_breadth_it_us5_top2_convex_ranked_tail_count4_floor35_risk_on,0.025913345706782255,0.0,0
rule_sector_cap2_breadth_it_us5_top2_convex_ranked_tail_risk_on,2020-05-29,2020-06-30,US,Consumer Discretionary,TSLA,0.05863712656541638,rule_sector_cap2_breadth_it_us5_top2_convex_ranked_tail_count4_floor35_risk_on,0.05863712656541638,0.0,0
rule_sector_cap2_breadth_it_us5_top2_convex_ranked_tail_risk_on,2020-05-29,2020-06-30,US,Health Care,LLY,0.014684552914013516,rule_sector_cap2_breadth_it_us5_top2_convex_ranked_tail_count4_floor35_risk_on,0.014684552914013516,0.0,0
rule_sector_cap2_breadth_it_us5_top2_convex_ranked_tail_risk_on,2020-05-29,2020-06-30,US,Information Technology,AMD,-0.004423786779124139,rule_sector_cap2_breadth_it_us5_top2_convex_ranked_tail_count4_floor35_risk_on,-0.004423786779124139,0.0,0
rule_sector_cap2_breadth_it_us5_top2_convex_ranked_tail_risk_on,2020-05-29,2020-06-30,US,Information Technology,NVDA,0.014119361072984527,rule_sector_cap2_breadth_it_us5_top2_convex_ranked_tail_count4_floor35_risk_on,0.014119361072984527,0.0,1
rule_sector_cap2_breadth_it_us5_top2_convex_ranked_tail_risk_on,2020-06-30,2020-07-31,KR,Health Care,174900,-0.08910642570281124,rule_sector_cap2_breadth_it_us5_top2_convex_ranked_tail_count4_floor35_risk_on,-0.08910642570281124,0.0,0
rule_sector_cap2_breadth_it_us5_top2_convex_ranked_tail_risk_on,2020-06-30,2020-07-31,KR,Information Technology,007810,0.04796511627906977,rule_sector_cap2_breadth_it_us5_top2_convex_ranked_tail_count4_floor35_risk_on,0.04796511627906977,0.0,0
rule_sector_cap2_breadth_it_us5_top2_convex_ranked_tail_risk_on,2020-06-30,2020-07-31,KR,Information Technology,083450,0.019946808510638306,rule_sector_cap2_breadth_it_us5_top2_convex_ranked_tail_count4_floor35_risk_on,0.019946808510638306,0.0,0
rule_sector_cap2_breadth_it_us5_top2_convex_ranked_tail_risk_on,2020-06-30,2020-07-31,US,Consumer Discretionary,TSLA,0.06093954082465372,rule_sector_cap2_breadth_it_us5_top2_convex_ranked_tail_count4_floor35_risk_on,0.06093954082465372,0.0,0
rule_sector_cap2_breadth_it_us5_top2_convex_ranked_tail_risk_on,2020-07-31,2020-08-31,US,Consumer Discretionary,AMZN,0.018092206738596416,rule_sector_cap2_breadth_it_us5_top2_convex_ranked_tail_count4_floor35_risk_on,0.018092206738596416,0.0,0
rule_sector_cap2_breadth_it_us5_top2_convex_ranked_tail_risk_on,2020-07-31,2020-08-31,US,Consumer Discretionary,TSLA,0.14829042505574233,rule_sector_cap2_breadth_it_us5_top2_convex_ranked_tail_count4_floor35_risk_on,0.14829042505574233,0.0,0
rule_sector_cap2_breadth_it_us5_top2_convex_ranked_tail_risk_on,2020-07-31,2020-08-31,US,Health Care,TMO,0.007261749932284634,rule_sector_cap2_breadth_it_us5_top2_convex_ranked_tail_count4_floor35_risk_on,0.007261749932284634,0.0,0
rule_sector_cap2_breadth_it_us5_top2_convex_ranked_tail_risk_on,2020-07-31,2020-08-31,US,Information Technology,AMD,0.03458607603480375,rule_sector_cap2_breadth_it_us5_top2_convex_ranked_tail_count4_floor35_risk_on,0.03458607603480375,0.0,0
rule_sector_cap2_breadth_it_us5_top2_convex_ranked_tail_risk_on,2020-07-31,2020-08-31,US,Information Technology,NVDA,0.051998406413725023,rule_sector_cap2_breadth_it_us5_top2_convex_ranked_tail_count4_floor35_risk_on,0.051998406413725023,0.0,1
rule_sector_cap2_breadth_it_us5_top2_convex_ranked_tail_risk_on,2020-08-31,2020-10-30,KR,ETF,069500,-0.0032796660703637475,rule_sector_cap2_breadth_it_us5_top2_convex_ranked_tail_count4_floor35_risk_on,-0.0032796660703637475,0.0,0
rule_sector_cap2_breadth_it_us5_top2_convex_ranked_tail_risk_on,2020-08-31,2020-10-30,US,Consumer Discretionary,AMZN,-0.02003356412352932,rule_sector_cap2_breadth_it_us5_top2_convex_ranked_tail_count4_floor35_risk_on,-0.02003356412352932,0.0,0
rule_sector_cap2_breadth_it_us5_top2_convex_ranked_tail_risk_on,2020-08-31,2020-10-30,US,Consumer Discretionary,TSLA,-0.03688393813184748,rule_sector_cap2_breadth_it_us5_top2_convex_ranked_tail_count4_floor35_risk_on,-0.03688393813184748,0.0,0
rule_sector_cap2_breadth_it_us5_top2_convex_ranked_tail_risk_on,2020-08-31,2020-10-30,US,Health Care,TMO,0.01724304498155608,rule_sector_cap2_breadth_it_us5_top2_convex_ranked_tail_count4_floor35_risk_on,0.01724304498155608,0.0,0
rule_sector_cap2_breadth_it_us5_top2_convex_ranked_tail_risk_on,2020-08-31,2020-10-30,US,Information Technology,AMD,-0.028499594126626282,rule_sector_cap2_breadth_it_us5_top2_convex_ranked_tail_count4_floor35_risk_on,-0.028499594126626282,0.0,0
rule_sector_cap2_breadth_it_us5_top2_convex_ranked_tail_risk_on,2020-08-31,2020-10-30,US,Information Technology,NVDA,-0.010427190076741089,rule_sector_cap2_breadth_it_us5_top2_convex_ranked_tail_count4_floor35_risk_on,-0.010427190076741089,0.0,1
rule_sector_cap2_breadth_it_us5_top2_convex_ranked_tail_risk_on,2020-10-30,2020-11-30,US,Consumer Discretionary,GM,0.0539241498895656,rule_sector_cap2_breadth_it_us5_top2_convex_ranked_tail_count4_floor35_risk_on,0.0539241498895656,0.0,0
rule_sector_cap2_breadth_it_us5_top2_convex_ranked_tail_risk_on,2020-10-30,2020-11-30,US,Industrials,DE,0.03161436298842118,rule_sector_cap2_breadth_it_us5_top2_convex_ranked_tail_count4_floor35_risk_on,0.03161436298842118,0.0,0
rule_sector_cap2_breadth_it_us5_top2_convex_ranked_tail_risk_on,2020-10-30,2020-11-30,US,Industrials,FDX,0.02089647102143153,rule_sector_cap2_breadth_it_us5_top2_convex_ranked_tail_count4_floor35_risk_on,0.02089647102143153,0.0,0
rule_sector_cap2_breadth_it_us5_top2_convex_ranked_tail_risk_on,2020-10-30,2020-11-30,US,Information Technology,NOW,0.014864247699179512,rule_sector_cap2_breadth_it_us5_top2_convex_ranked_tail_count4_floor35_risk_on,0.014864247699179512,0.0,0
rule_sector_cap2_breadth_it_us5_top2_convex_ranked_tail_risk_on,2020-10-30,2020-11-30,US,Information Technology,QCOM,0.038602425854336354,rule_sector_cap2_breadth_it_us5_top2_convex_ranked_tail_count4_floor35_risk_on,0.038602425854336354,0.0,0
rule_sector_cap2_breadth_it_us5_top2_convex_ranked_tail_risk_on,2020-11-30,2021-01-29,KR,ETF,069500,0.034813319878910176,rule_sector_cap2_breadth_it_us5_top2_convex_ranked_tail_count4_floor35_risk_on,0.034813319878910176,0.0,0
rule_sector_cap2_breadth_it_us5_top2_convex_ranked_tail_risk_on,2020-11-30,2021-01-29,KR,Information Technology,053610,0.04022277227722773,rule_sector_cap2_breadth_it_us5_top2_convex_ranked_tail_count4_floor35_risk_on,0.04022277227722773,0.0,0
rule_sector_cap2_breadth_it_us5_top2_convex_ranked_tail_risk_on,2020-11-30,2021-01-29,US,Consumer Discretionary,TSLA,0.07463333843034964,rule_sector_cap2_breadth_it_us5_top2_convex_ranked_tail_count4_floor35_risk_on,0.07463333843034964,0.0,0
rule_sector_cap2_breadth_it_us5_top2_convex_ranked_tail_risk_on,2020-11-30,2021-01-29,US,,FCX,0.028217238099621997,rule_sector_cap2_breadth_it_us5_top2_convex_ranked_tail_count4_floor35_risk_on,0.028217238099621997,0.0,0
rule_sector_cap2_breadth_it_us5_top2_convex_ranked_tail_risk_on,2021-01-29,2021-02-26,KR,ETF,069500,0.0023505572441742486,rule_sector_cap2_breadth_it_us5_top2_convex_ranked_tail_count4_floor35_risk_on,0.0023505572441742486,0.0,0
rule_sector_cap2_breadth_it_us5_top2_convex_ranked_tail_risk_on,2021-01-29,2021-02-26,US,Financials,COF,0.026120094700334568,rule_sector_cap2_breadth_it_us5_top2_convex_ranked_tail_count4_floor35_risk_on,0.026120094700334568,0.0,0
rule_sector_cap2_breadth_it_us5_top2_convex_ranked_tail_risk_on,2021-01-29,2021-02-26,US,Financials,PYPL,0.018166835776710483,rule_sector_cap2_breadth_it_us5_top2_convex_ranked_tail_count4_floor35_risk_on,0.018166835776710483,0.0,0
rule_sector_cap2_breadth_it_us5_top2_convex_ranked_tail_risk_on,2021-01-29,2021-02-26,US,Information Technology,AMAT,0.03746778862816528,rule_sector_cap2_breadth_it_us5_top2_convex_ranked_tail_count4_floor35_risk_on,0.03746778862816528,0.0,0
rule_sector_cap2_breadth_it_us5_top2_convex_ranked_tail_risk_on,2021-01-29,2021-02-26,US,Information Technology,MU,0.02823556797020484,rule_sector_cap2_breadth_it_us5_top2_convex_ranked_tail_count4_floor35_risk_on,0.02823556797020484,0.0,1
rule_sector_cap2_breadth_it_us5_top2_convex_ranked_tail_risk_on,2021-01-29,2021-02-26,US,Materials,DD,-0.018515310134163705,rule_sector_cap2_breadth_it_us5_top2_convex_ranked_tail_count4_floor35_risk_on,-0.018515310134163705,0.0,0
rule_sector_cap2_breadth_it_us5_top2_convex_ranked_tail_risk_on,2021-02-26,2021-03-31,KR,ETF,069500,0.002158014626543567,rule_sector_cap2_breadth_it_us5_top2_convex_ranked_tail_count4_floor35_risk_on,0.002158014626543567,0.0,0
rule_sector_cap2_breadth_it_us5_top2_convex_ranked_tail_risk_on,2021-02-26,2021-03-31,KR,Industrials,099320,-0.0009057971014492794,rule_sector_cap2_breadth_it_us5_top2_convex_ranked_tail_count4_floor35_risk_on,-0.0009057971014492794,0.0,0
rule_sector_cap2_breadth_it_us5_top2_convex_ranked_tail_risk_on,2021-02-26,2021-03-31,KR,Industrials,319400,-0.02845670391061452,rule_sector_cap2_breadth_it_us5_top2_convex_ranked_tail_count4_floor35_risk_on,-0.02845670391061452,0.0,0
rule_sector_cap2_breadth_it_us5_top2_convex_ranked_tail_risk_on,2021-02-26,2021-03-31,US,,FCX,-0.005418767199010702,rule_sector_cap2_breadth_it_us5_top2_convex_ranked_tail_count4_floor35_risk_on,-0.005418767199010702,0.0,0
rule_sector_cap2_breadth_it_us5_top2_convex_ranked_tail_risk_on,2021-03-31,2021-04-30,US,Financials,COF,0.03434727741046375,rule_sector_cap2_breadth_it_us5_top2_convex_ranked_tail_count4_floor35_risk_on,0.03434727741046375,0.0,0
rule_sector_cap2_breadth_it_us5_top2_convex_ranked_tail_risk_on,2021-03-31,2021-04-30,US,Industrials,DE,-0.001758737034792679,rule_sector_cap2_breadth_it_us5_top2_convex_ranked_tail_count4_floor35_risk_on,-0.001758737034792679,0.0,0
rule_sector_cap2_breadth_it_us5_top2_convex_ranked_tail_risk_on,2021-03-31,2021-04-30,US,Industrials,GE,-0.00015229968223657854,rule_sector_cap2_breadth_it_us5_top2_convex_ranked_tail_count4_floor35_risk_on,-0.00015229968223657854,0.0,0
rule_sector_cap2_breadth_it_us5_top2_convex_ranked_tail_risk_on,2021-03-31,2021-04-30,US,Information Technology,AMAT,-0.001332372849862451,rule_sector_cap2_breadth_it_us5_top2_convex_ranked_tail_count4_floor35_risk_on,-0.001332372849862451,0.0,0
rule_sector_cap2_breadth_it_us5_top2_convex_ranked_tail_risk_on,2021-03-31,2021-04-30,US,Information Technology,LRCX,0.008470494361045721,rule_sector_cap2_breadth_it_us5_top2_convex_ranked_tail_count4_floor35_risk_on,0.008470494361045721,0.0,0
rule_sector_cap2_breadth_it_us5_top2_convex_ranked_tail_risk_on,2021-04-30,2021-06-30,US,Financials,COF,0.008058621762653973,rule_sector_cap2_breadth_it_us5_top2_convex_ranked_tail_count4_floor35_risk_on,0.008058621762653973,0.0,0
rule_sector_cap2_breadth_it_us5_top2_convex_ranked_tail_risk_on,2021-04-30,2021-06-30,US,Financials,WFC,0.0015041343803531505,rule_sector_cap2_breadth_it_us5_top2_convex_ranked_tail_count4_floor35_risk_on,0.0015041343803531505,0.0,0
rule_sector_cap2_breadth_it_us5_top2_convex_ranked_tail_risk_on,2021-04-30,2021-06-30,US,Industrials,DE,-0.009292349450017157,rule_sector_cap2_breadth_it_us5_top2_convex_ranked_tail_count4_floor35_risk_on,-0.009292349450017157,0.0,0
rule_sector_cap2_breadth_it_us5_top2_convex_ranked_tail_risk_on,2021-04-30,2021-06-30,US,Information Technology,AMAT,0.014978430465480442,rule_sector_cap2_breadth_it_us5_top2_convex_ranked_tail_count4_floor35_risk_on,0.014978430465480442,0.0,0
rule_sector_cap2_breadth_it_us5_top2_convex_ranked_tail_risk_on,2021-04-30,2021-06-30,US,Information Technology,LRCX,0.010171229332076415,rule_sector_cap2_breadth_it_us5_top2_convex_ranked_tail_count4_floor35_risk_on,0.010171229332076415,0.0,0
rule_sector_cap2_breadth_it_us5_top2_convex_ranked_tail_risk_on,2021-06-30,2021-07-30,KR,ETF,069500,-0.005353684929946459,rule_sector_cap2_breadth_it_us5_top2_convex_ranked_tail_count4_floor35_risk_on,-0.005353684929946459,0.0,0
rule_sector_cap2_breadth_it_us5_top2_convex_ranked_tail_risk_on,2021-06-30,2021-07-30,US,Financials,GS,-0.0020419942160516125,rule_sector_cap2_breadth_it_us5_top2_convex_ranked_tail_count4_floor35_risk_on,-0.0020419942160516125,0.0,0
rule_sector_cap2_breadth_it_us5_top2_convex_ranked_tail_risk_on,2021-06-30,2021-07-30,US,Financials,SCHW,-0.011124780771267828,rule_sector_cap2_breadth_it_us5_top2_convex_ranked_tail_count4_floor35_risk_on,-0.011124780771267828,0.0,0
rule_sector_cap2_breadth_it_us5_top2_convex_ranked_tail_risk_on,2021-06-30,2021-07-30,US,Industrials,UPS,-0.013311239756668591,rule_sector_cap2_breadth_it_us5_top2_convex_ranked_tail_count4_floor35_risk_on,-0.013311239756668591,0.0,0
rule_sector_cap2_breadth_it_us5_top2_convex_ranked_tail_risk_on,2021-06-30,2021-07-30,US,Information Technology,AMAT,-0.0028909043552678053,rule_sector_cap2_breadth_it_us5_top2_convex_ranked_tail_count4_floor35_risk_on,-0.0028909043552678053,0.0,0
rule_sector_cap2_breadth_it_us5_top2_convex_ranked_tail_risk_on,2021-06-30,2021-07-30,US,Information Technology,NVDA,-0.004195298634060152,rule_sector_cap2_breadth_it_us5_top2_convex_ranked_tail_count4_floor35_risk_on,-0.004195298634060152,0.0,1
rule_sector_cap2_breadth_it_us5_top2_convex_ranked_tail_risk_on,2021-07-30,2021-08-31,US,Financials,COF,0.006802046435815657,rule_sector_cap2_breadth_it_us5_top2_convex_ranked_tail_count4_floor35_risk_on,0.006802046435815657,0.0,0
rule_sector_cap2_breadth_it_us5_top2_convex_ranked_tail_risk_on,2021-07-30,2021-08-31,US,Financials,MS,0.01760783248135196,rule_sector_cap2_breadth_it_us5_top2_convex_ranked_tail_count4_floor35_risk_on,0.01760783248135196,0.0,0
rule_sector_cap2_breadth_it_us5_top2_convex_ranked_tail_risk_on,2021-07-30,2021-08-31,US,Health Care,LLY,0.012832802975077674,rule_sector_cap2_breadth_it_us5_top2_convex_ranked_tail_count4_floor35_risk_on,0.012832802975077674,0.0,0
rule_sector_cap2_breadth_it_us5_top2_convex_ranked_tail_risk_on,2021-07-30,2021-08-31,US,Information Technology,INTU,0.013638517055793243,rule_sector_cap2_breadth_it_us5_top2_convex_ranked_tail_count4_floor35_risk_on,0.013638517055793243,0.0,0
rule_sector_cap2_breadth_it_us5_top2_convex_ranked_tail_risk_on,2021-07-30,2021-08-31,US,Information Technology,NVDA,0.029641992343715895,rule_sector_cap2_breadth_it_us5_top2_convex_ranked_tail_count4_floor35_risk_on,0.029641992343715895,0.0,1
rule_sector_cap2_breadth_it_us5_top2_convex_ranked_tail_risk_on,2021-08-31,2021-09-30,KR,ETF,360750,-0.0019818799546998944,rule_sector_cap2_breadth_it_us5_top2_convex_ranked_tail_count4_floor35_risk_on,-0.0019818799546998944,0.0,0
rule_sector_cap2_breadth_it_us5_top2_convex_ranked_tail_risk_on,2021-08-31,2021-09-30,US,Financials,COF,-0.004518902911965633,rule_sector_cap2_breadth_it_us5_top2_convex_ranked_tail_count4_floor35_risk_on,-0.004518902911965633,0.0,0
rule_sector_cap2_breadth_it_us5_top2_convex_ranked_tail_risk_on,2021-08-31,2021-09-30,US,Information Technology,NVDA,-0.013979759896039987,rule_sector_cap2_breadth_it_us5_top2_convex_ranked_tail_count4_floor35_risk_on,-0.013979759896039987,0.0,1
rule_sector_cap2_breadth_it_us5_top2_convex_ranked_tail_risk_on,2021-08-31,2021-09-30,US,,DVN,0.041765919762917283,rule_sector_cap2_breadth_it_us5_top2_convex_ranked_tail_count4_floor35_risk_on,0.041765919762917283,0.0,0
rule_sector_cap2_breadth_it_us5_top2_convex_ranked_tail_risk_on,2021-09-30,2021-10-29,KR,ETF,360750,0.00432404934503372,rule_sector_cap2_breadth_it_us5_top2_convex_ranked_tail_count4_floor35_risk_on,0.00432404934503372,0.0,0
rule_sector_cap2_breadth_it_us5_top2_convex_ranked_tail_risk_on,2021-09-30,2021-10-29,US,Financials,AIG,0.012752776698415938,rule_sector_cap2_breadth_it_us5_top2_convex_ranked_tail_count4_floor35_risk_on,0.012752776698415938,0.0,0
rule_sector_cap2_breadth_it_us5_top2_convex_ranked_tail_risk_on,2021-09-30,2021-10-29,US,Financials,SCHW,0.021027838259722133,rule_sector_cap2_breadth_it_us5_top2_convex_ranked_tail_count4_floor35_risk_on,0.021027838259722133,0.0,0
rule_sector_cap2_breadth_it_us5_top2_convex_ranked_tail_risk_on,2021-09-30,2021-10-29,US,Health Care,CVS,0.009699833016935739,rule_sector_cap2_breadth_it_us5_top2_convex_ranked_tail_count4_floor35_risk_on,0.009699833016935739,0.0,0
rule_sector_cap2_breadth_it_us5_top2_convex_ranked_tail_risk_on,2021-09-30,2021-10-29,US,Health Care,TMO,0.018010555849252374,rule_sector_cap2_breadth_it_us5_top2_convex_ranked_tail_count4_floor35_risk_on,0.018010555849252374,0.0,0
rule_sector_cap2_breadth_it_us5_top2_convex_ranked_tail_risk_on,2021-09-30,2021-10-29,US,Information Technology,NOW,0.020218982226340405,rule_sector_cap2_breadth_it_us5_top2_convex_ranked_tail_count4_floor35_risk_on,0.020218982226340405,0.0,0
rule_sector_cap2_breadth_it_us5_top2_convex_ranked_tail_risk_on,2021-10-29,2021-11-30,KR,ETF,360750,0.00421470187182349,rule_sector_cap2_breadth_it_us5_top2_convex_ranked_tail_count4_floor35_risk_on,0.00421470187182349,0.0,0
rule_sector_cap2_breadth_it_us5_top2_convex_ranked_tail_risk_on,2021-10-29,2021-11-30,US,Financials,BAC,-0.011545988491359441,rule_sector_cap2_breadth_it_us5_top2_convex_ranked_tail_count4_floor35_risk_on,-0.011545988491359441,0.0,0
rule_sector_cap2_breadth_it_us5_top2_convex_ranked_tail_risk_on,2021-10-29,2021-11-30,US,Financials,WFC,-0.010410256132706575,rule_sector_cap2_breadth_it_us5_top2_convex_ranked_tail_count4_floor35_risk_on,-0.010410256132706575,0.0,0
rule_sector_cap2_breadth_it_us5_top2_convex_ranked_tail_risk_on,2021-10-29,2021-11-30,US,Health Care,LLY,-0.003869397592559498,rule_sector_cap2_breadth_it_us5_top2_convex_ranked_tail_count4_floor35_risk_on,-0.003869397592559498,0.0,0
rule_sector_cap2_breadth_it_us5_top2_convex_ranked_tail_risk_on,2021-10-29,2021-11-30,US,Information Technology,INTU,0.0070049442852352,rule_sector_cap2_breadth_it_us5_top2_convex_ranked_tail_count4_floor35_risk_on,0.0070049442852352,0.0,0
rule_sector_cap2_breadth_it_us5_top2_convex_ranked_tail_risk_on,2021-10-29,2021-11-30,US,Information Technology,NVDA,0.046342337191332184,rule_sector_cap2_breadth_it_us5_top2_convex_ranked_tail_count4_floor35_risk_on,0.046342337191332184,0.0,1
rule_sector_cap2_breadth_it_us5_top2_convex_ranked_tail_risk_on,2021-11-30,2022-02-28,KR,ETF,360750,-0.00961189698948132,rule_sector_cap2_breadth_it_us5_top2_convex_ranked_tail_count4_floor35_risk_on,-0.00961189698948132,0.0,0
rule_sector_cap2_breadth_it_us5_top2_convex_ranked_tail_risk_on,2021-11-30,2022-02-28,US,Financials,BLK,-0.028979126912034227,rule_sector_cap2_breadth_it_us5_top2_convex_ranked_tail_count4_floor35_risk_on,-0.028979126912034227,0.0,0
rule_sector_cap2_breadth_it_us5_top2_convex_ranked_tail_risk_on,2021-11-30,2022-02-28,US,Health Care,PFE,-0.01995505538551051,rule_sector_cap2_breadth_it_us5_top2_convex_ranked_tail_count4_floor35_risk_on,-0.01995505538551051,0.0,0
rule_sector_cap2_breadth_it_us5_top2_convex_ranked_tail_risk_on,2021-11-30,2022-02-28,US,Health Care,TMO,-0.02333722389610937,rule_sector_cap2_breadth_it_us5_top2_convex_ranked_tail_count4_floor35_risk_on,-0.02333722389610937,0.0,0
rule_sector_cap2_breadth_it_us5_top2_convex_ranked_tail_risk_on,2021-11-30,2022-02-28,US,Information Technology,AMD,-0.03686514687054626,rule_sector_cap2_breadth_it_us5_top2_convex_ranked_tail_count4_floor35_risk_on,-0.03686514687054626,0.0,0
rule_sector_cap2_breadth_it_us5_top2_convex_ranked_tail_risk_on,2021-11-30,2022-02-28,US,Information Technology,NVDA,-0.04227371739706568,rule_sector_cap2_breadth_it_us5_top2_convex_ranked_tail_count4_floor35_risk_on,-0.04227371739706568,0.0,1
rule_sector_cap2_breadth_it_us5_top2_convex_ranked_tail_risk_on,2022-02-28,2022-03-31,US,Energy,COP,0.010750356941352332,rule_sector_cap2_breadth_it_us5_top2_convex_ranked_tail_count4_floor35_risk_on,0.010750356941352332,0.0,0
rule_sector_cap2_breadth_it_us5_top2_convex_ranked_tail_risk_on,2022-02-28,2022-03-31,US,Energy,CVX,0.024518183515064795,rule_sector_cap2_breadth_it_us5_top2_convex_ranked_tail_count4_floor35_risk_on,0.024518183515064795,0.0,0
rule_sector_cap2_breadth_it_us5_top2_convex_ranked_tail_risk_on,2022-02-28,2022-03-31,US,Financials,AIG,0.005740562330451546,rule_sector_cap2_breadth_it_us5_top2_convex_ranked_tail_count4_floor35_risk_on,0.005740562330451546,0.0,0
rule_sector_cap2_breadth_it_us5_top2_convex_ranked_tail_risk_on,2022-02-28,2022-03-31,US,Financials,AXP,-0.007267131600830874,rule_sector_cap2_breadth_it_us5_top2_convex_ranked_tail_count4_floor35_risk_on,-0.007267131600830874,0.0,0
rule_sector_cap2_breadth_it_us5_top2_convex_ranked_tail_risk_on,2022-03-31,2022-04-29,KR,ETF,360750,-0.00792066027689032,rule_sector_cap2_breadth_it_us5_top2_convex_ranked_tail_count4_floor35_risk_on,-0.00792066027689032,0.0,0
rule_sector_cap2_breadth_it_us5_top2_convex_ranked_tail_risk_on,2022-03-31,2022-04-29,KR,Information Technology,007810,-0.012299999999999998,rule_sector_cap2_breadth_it_us5_top2_convex_ranked_tail_count4_floor35_risk_on,-0.012299999999999998,0.0,0
rule_sector_cap2_breadth_it_us5_top2_convex_ranked_tail_risk_on,2022-03-31,2022-04-29,US,,APA,-0.0012896342676647077,rule_sector_cap2_breadth_it_us5_top2_convex_ranked_tail_count4_floor35_risk_on,-0.0012896342676647077,0.0,0
rule_sector_cap2_breadth_it_us5_top2_convex_ranked_tail_risk_on,2022-03-31,2022-04-29,US,,OXY,-0.005452542606856001,rule_sector_cap2_breadth_it_us5_top2_convex_ranked_tail_count4_floor35_risk_on,-0.005452542606856001,0.0,0
rule_sector_cap2_breadth_it_us5_top2_convex_ranked_tail_risk_on,2022-04-29,2022-05-31,US,Consumer Staples,MO,-0.005326596156162711,rule_sector_cap2_breadth_it_us5_top2_convex_ranked_tail_count4_floor35_risk_on,-0.005326596156162711,0.0,0
rule_sector_cap2_breadth_it_us5_top2_convex_ranked_tail_risk_on,2022-04-29,2022-05-31,US,Energy,XLE,0.03206918654237772,rule_sector_cap2_breadth_it_us5_top2_convex_ranked_tail_count4_floor35_risk_on,0.03206918654237772,0.0,0
rule_sector_cap2_breadth_it_us5_top2_convex_ranked_tail_risk_on,2022-04-29,2022-05-31,US,Energy,XOM,0.027526991006883342,rule_sector_cap2_breadth_it_us5_top2_convex_ranked_tail_count4_floor35_risk_on,0.027526991006883342,0.0,0
rule_sector_cap2_breadth_it_us5_top2_convex_ranked_tail_risk_on,2022-04-29,2022-05-31,US,Health Care,BMY,0.0004782454303923434,rule_sector_cap2_breadth_it_us5_top2_convex_ranked_tail_count4_floor35_risk_on,0.0004782454303923434,0.0,0
rule_sector_cap2_breadth_it_us5_top2_convex_ranked_tail_risk_on,2022-04-29,2022-05-31,US,Health Care,LLY,0.015312532078639541,rule_sector_cap2_breadth_it_us5_top2_convex_ranked_tail_count4_floor35_risk_on,0.015312532078639541,0.0,0
rule_sector_cap2_breadth_it_us5_top2_convex_ranked_tail_risk_on,2022-05-31,2022-06-30,US,Energy,COP,-0.038898381060944925,rule_sector_cap2_breadth_it_us5_top2_convex_ranked_tail_count4_floor35_risk_on,-0.038898381060944925,0.0,0
rule_sector_cap2_breadth_it_us5_top2_convex_ranked_tail_risk_on,2022-05-31,2022-06-30,US,Energy,XLE,-0.03414692449379009,rule_sector_cap2_breadth_it_us5_top2_convex_ranked_tail_count4_floor35_risk_on,-0.03414692449379009,0.0,0
rule_sector_cap2_breadth_it_us5_top2_convex_ranked_tail_risk_on,2022-05-31,2022-06-30,US,Health Care,LLY,0.006884845976004472,rule_sector_cap2_breadth_it_us5_top2_convex_ranked_tail_count4_floor35_risk_on,0.006884845976004472,0.0,0
rule_sector_cap2_breadth_it_us5_top2_convex_ranked_tail_risk_on,2022-05-31,2022-06-30,US,Health Care,MRK,-0.00024747469830068705,rule_sector_cap2_breadth_it_us5_top2_convex_ranked_tail_count4_floor35_risk_on,-0.00024747469830068705,0.0,0
rule_sector_cap2_breadth_it_us5_top2_convex_ranked_tail_risk_on,2022-05-31,2022-06-30,US,Industrials,LIN,-0.022233307982014883,rule_sector_cap2_breadth_it_us5_top2_convex_ranked_tail_count4_floor35_risk_on,-0.022233307982014883,0.0,0
rule_sector_cap2_breadth_it_us5_top2_convex_ranked_tail_risk_on,2022-06-30,2022-07-29,US,Communication Services,T,-0.017263838802948496,rule_sector_cap2_breadth_it_us5_top2_convex_ranked_tail_count4_floor35_risk_on,-0.017263838802948496,0.0,0
rule_sector_cap2_breadth_it_us5_top2_convex_ranked_tail_risk_on,2022-06-30,2022-07-29,US,Consumer Staples,CL,-0.002151910535103989,rule_sector_cap2_breadth_it_us5_top2_convex_ranked_tail_count4_floor35_risk_on,-0.002151910535103989,0.0,0
rule_sector_cap2_breadth_it_us5_top2_convex_ranked_tail_risk_on,2022-06-30,2022-07-29,US,Health Care,BMY,-0.007840898353554199,rule_sector_cap2_breadth_it_us5_top2_convex_ranked_tail_count4_floor35_risk_on,-0.007840898353554199,0.0,0
rule_sector_cap2_breadth_it_us5_top2_convex_ranked_tail_risk_on,2022-06-30,2022-07-29,US,Health Care,LLY,0.0031574714847566188,rule_sector_cap2_breadth_it_us5_top2_convex_ranked_tail_count4_floor35_risk_on,0.0031574714847566188,0.0,0
rule_sector_cap2_breadth_it_us5_top2_convex_ranked_tail_risk_on,2022-07-29,2022-08-31,KR,Health Care,214370,-0.01868374558303887,rule_sector_cap2_breadth_it_us5_top2_convex_ranked_tail_count4_floor35_risk_on,-0.01868374558303887,0.0,0
rule_sector_cap2_breadth_it_us5_top2_convex_ranked_tail_risk_on,2022-07-29,2022-08-31,US,Health Care,LLY,-0.01562634628100229,rule_sector_cap2_breadth_it_us5_top2_convex_ranked_tail_count4_floor35_risk_on,-0.01562634628100229,0.0,0
rule_sector_cap2_breadth_it_us5_top2_convex_ranked_tail_risk_on,2022-07-29,2022-08-31,US,Health Care,UNH,-0.00795508656475677,rule_sector_cap2_breadth_it_us5_top2_convex_ranked_tail_count4_floor35_risk_on,-0.00795508656475677,0.0,0
rule_sector_cap2_breadth_it_us5_top2_convex_ranked_tail_risk_on,2022-07-29,2022-08-31,US,Industrials,GD,0.0018694689816769056,rule_sector_cap2_breadth_it_us5_top2_convex_ranked_tail_count4_floor35_risk_on,0.0018694689816769056,0.0,0
rule_sector_cap2_breadth_it_us5_top2_convex_ranked_tail_risk_on,2022-08-31,2022-09-30,KR,Health Care,214370,-0.018249607535321816,rule_sector_cap2_breadth_it_us5_top2_convex_ranked_tail_count4_floor35_risk_on,-0.018249607535321816,0.0,0
rule_sector_cap2_breadth_it_us5_top2_convex_ranked_tail_risk_on,2022-08-31,2022-09-30,US,Industrials,GD,-0.013726944474527276,rule_sector_cap2_breadth_it_us5_top2_convex_ranked_tail_count4_floor35_risk_on,-0.013726944474527276,0.0,0
rule_sector_cap2_breadth_it_us5_top2_convex_ranked_tail_risk_on,2022-08-31,2022-09-30,US,Industrials,LMT,-0.01509423036827462,rule_sector_cap2_breadth_it_us5_top2_convex_ranked_tail_count4_floor35_risk_on,-0.01509423036827462,0.0,0
rule_sector_cap2_breadth_it_us5_top2_convex_ranked_tail_risk_on,2022-08-31,2022-09-30,US,,OXY,-0.024892912463142805,rule_sector_cap2_breadth_it_us5_top2_convex_ranked_tail_count4_floor35_risk_on,-0.024892912463142805,0.0,0
rule_sector_cap2_breadth_it_us5_top2_convex_ranked_tail_risk_on,2022-09-30,2022-10-31,KR,Industrials,058610,-0.007586705202312145,rule_sector_cap2_breadth_it_us5_top2_convex_ranked_tail_count4_floor35_risk_on,-0.007586705202312145,0.0,0
rule_sector_cap2_breadth_it_us5_top2_convex_ranked_tail_risk_on,2022-09-30,2022-10-31,US,Energy,COP,0.04351306835540786,rule_sector_cap2_breadth_it_us5_top2_convex_ranked_tail_count4_floor35_risk_on,0.04351306835540786,0.0,0
rule_sector_cap2_breadth_it_us5_top2_convex_ranked_tail_risk_on,2022-09-30,2022-10-31,US,Health Care,LLY,0.022464028488883445,rule_sector_cap2_breadth_it_us5_top2_convex_ranked_tail_count4_floor35_risk_on,0.022464028488883445,0.0,0
rule_sector_cap2_breadth_it_us5_top2_convex_ranked_tail_risk_on,2022-09-30,2022-10-31,US,,TWX,0.0,rule_sector_cap2_breadth_it_us5_top2_convex_ranked_tail_count4_floor35_risk_on,0.0,0.0,0
rule_sector_cap2_breadth_it_us5_top2_convex_ranked_tail_risk_on,2022-10-31,2022-11-30,KR,ETF,360750,-0.0032488562175499907,rule_sector_cap2_breadth_it_us5_top2_convex_ranked_tail_count4_floor35_risk_on,-0.0028427491903562415,0.00040610702719374916,0
rule_sector_cap2_breadth_it_us5_top2_convex_ranked_tail_risk_on,2022-10-31,2022-11-30,KR,ETF,379800,-0.003942486085343231,rule_sector_cap2_breadth_it_us5_top2_convex_ranked_tail_count4_floor35_risk_on,-0.003416821273964134,0.0005256648113790971,0
rule_sector_cap2_breadth_it_us5_top2_convex_ranked_tail_risk_on,2022-10-31,2022-11-30,US,Energy,COP,-0.005433367906221648,rule_sector_cap2_breadth_it_us5_top2_convex_ranked_tail_count4_floor35_risk_on,-0.00614985598176736,-0.0007164880755457124,0
rule_sector_cap2_breadth_it_us5_top2_convex_ranked_tail_risk_on,2022-10-31,2022-11-30,US,Energy,XOM,0.0041833684177259136,rule_sector_cap2_breadth_it_us5_top2_convex_ranked_tail_count4_floor35_risk_on,0.004735021395887573,0.000551652978161659,0
rule_sector_cap2_breadth_it_us5_top2_convex_ranked_tail_risk_on,2022-10-31,2022-11-30,US,Financials,MET,0.004696062103659347,rule_sector_cap2_breadth_it_us5_top2_convex_ranked_tail_count4_floor35_risk_on,0.004043831255928882,-0.000652230847730465,0
rule_sector_cap2_breadth_it_us5_top2_convex_ranked_tail_risk_on,2022-10-31,2022-11-30,US,Health Care,BIIB,0.010952184790510966,rule_sector_cap2_breadth_it_us5_top2_convex_ranked_tail_count4_floor35_risk_on,0.006571310874306579,-0.004380873916204387,0
rule_sector_cap2_breadth_it_us5_top2_convex_ranked_tail_risk_on,2022-10-31,2022-11-30,US,Health Care,GILD,0.017060559633893364,rule_sector_cap2_breadth_it_us5_top2_convex_ranked_tail_count4_floor35_risk_on,0.017060559633893364,0.0,0
rule_sector_cap2_breadth_it_us5_top2_convex_ranked_tail_risk_on,2022-11-30,2023-01-31,US,Financials,MET,-0.009595773920117857,rule_sector_cap2_breadth_it_us5_top2_convex_ranked_tail_count4_floor35_risk_on,-0.009595773920117857,0.0,0
rule_sector_cap2_breadth_it_us5_top2_convex_ranked_tail_risk_on,2022-11-30,2023-01-31,US,Health Care,BIIB,-0.009352176756140685,rule_sector_cap2_breadth_it_us5_top2_convex_ranked_tail_count4_floor35_risk_on,-0.009352176756140685,0.0,0
rule_sector_cap2_breadth_it_us5_top2_convex_ranked_tail_risk_on,2022-11-30,2023-01-31,US,Health Care,GILD,-0.007272784580774983,rule_sector_cap2_breadth_it_us5_top2_convex_ranked_tail_count4_floor35_risk_on,-0.007272784580774983,0.0,0
rule_sector_cap2_breadth_it_us5_top2_convex_ranked_tail_risk_on,2022-11-30,2023-01-31,US,Industrials,CAT,0.014452194866128299,rule_sector_cap2_breadth_it_us5_top2_convex_ranked_tail_count4_floor35_risk_on,0.014452194866128299,0.0,0
rule_sector_cap2_breadth_it_us5_top2_convex_ranked_tail_risk_on,2022-11-30,2023-01-31,US,Industrials,DE,-0.007699427993902975,rule_sector_cap2_breadth_it_us5_top2_convex_ranked_tail_count4_floor35_risk_on,-0.007699427993902975,0.0,0
rule_sector_cap2_breadth_it_us5_top2_convex_ranked_tail_risk_on,2023-01-31,2023-02-28,US,Financials,AIG,-0.0066750925655966855,rule_sector_cap2_breadth_it_us5_top2_convex_ranked_tail_count4_floor35_risk_on,-0.0066750925655966855,0.0,0
rule_sector_cap2_breadth_it_us5_top2_convex_ranked_tail_risk_on,2023-01-31,2023-02-28,US,Financials,MS,-0.0017055631992938915,rule_sector_cap2_breadth_it_us5_top2_convex_ranked_tail_count4_floor35_risk_on,-0.0017055631992938915,0.0,0
rule_sector_cap2_breadth_it_us5_top2_convex_ranked_tail_risk_on,2023-01-31,2023-02-28,US,Industrials,BA,-0.0107511708434199,rule_sector_cap2_breadth_it_us5_top2_convex_ranked_tail_count4_floor35_risk_on,-0.0107511708434199,0.0,0
rule_sector_cap2_breadth_it_us5_top2_convex_ranked_tail_risk_on,2023-01-31,2023-02-28,US,Industrials,GE,0.010511923148024405,rule_sector_cap2_breadth_it_us5_top2_convex_ranked_tail_count4_floor35_risk_on,0.010511923148024405,0.0,0
rule_sector_cap2_breadth_it_us5_top2_convex_ranked_tail_risk_on,2023-01-31,2023-02-28,US,Information Technology,NVDA,0.03766191018641516,rule_sector_cap2_breadth_it_us5_top2_convex_ranked_tail_count4_floor35_risk_on,0.03766191018641516,0.0,1
rule_sector_cap2_breadth_it_us5_top2_convex_ranked_tail_risk_on,2023-02-28,2023-03-31,KR,Health Care,214370,0.01941850594227504,rule_sector_cap2_breadth_it_us5_top2_convex_ranked_tail_count4_floor35_risk_on,0.01941850594227504,0.0,0
rule_sector_cap2_breadth_it_us5_top2_convex_ranked_tail_risk_on,2023-02-28,2023-03-31,KR,Industrials,058610,0.12674581005586594,rule_sector_cap2_breadth_it_us5_top2_convex_ranked_tail_count4_floor35_risk_on,0.12674581005586594,0.0,0
rule_sector_cap2_breadth_it_us5_top2_convex_ranked_tail_risk_on,2023-02-28,2023-03-31,US,Industrials,GE,0.024300447371712705,rule_sector_cap2_breadth_it_us5_top2_convex_ranked_tail_count4_floor35_risk_on,0.024300447371712705,0.0,0
rule_sector_cap2_breadth_it_us5_top2_convex_ranked_tail_risk_on,2023-02-28,2023-03-31,US,Information Technology,NVDA,0.03687424644544306,rule_sector_cap2_breadth_it_us5_top2_convex_ranked_tail_count4_floor35_risk_on,0.03687424644544306,0.0,1
rule_sector_cap2_breadth_it_us5_top2_convex_ranked_tail_risk_on,2023-03-31,2023-04-28,US,Financials,V,0.0064490258336274316,rule_sector_cap2_breadth_it_us5_top2_convex_ranked_tail_count4_floor35_risk_on,0.0064490258336274316,0.0,0
rule_sector_cap2_breadth_it_us5_top2_convex_ranked_tail_risk_on,2023-03-31,2023-04-28,US,Industrials,FDX,-0.0006214877725943202,rule_sector_cap2_breadth_it_us5_top2_convex_ranked_tail_count4_floor35_risk_on,-0.0006214877725943202,0.0,0
rule_sector_cap2_breadth_it_us5_top2_convex_ranked_tail_risk_on,2023-03-31,2023-04-28,US,Industrials,GE,0.007050255419375918,rule_sector_cap2_breadth_it_us5_top2_convex_ranked_tail_count4_floor35_risk_on,0.007050255419375918,0.0,0
rule_sector_cap2_breadth_it_us5_top2_convex_ranked_tail_risk_on,2023-03-31,2023-04-28,US,Information Technology,AMD,-0.017630852364719174,rule_sector_cap2_breadth_it_us5_top2_convex_ranked_tail_count4_floor35_risk_on,-0.017630852364719174,0.0,0
rule_sector_cap2_breadth_it_us5_top2_convex_ranked_tail_risk_on,2023-03-31,2023-04-28,US,Information Technology,NVDA,-0.00020163201106455643,rule_sector_cap2_breadth_it_us5_top2_convex_ranked_tail_count4_floor35_risk_on,-0.00020163201106455643,0.0,1
rule_sector_cap2_breadth_it_us5_top2_convex_ranked_tail_risk_on,2023-04-28,2023-05-31,KR,ETF,360750,0.00030988534242329787,rule_sector_cap2_breadth_it_us5_top2_convex_ranked_tail_count4_floor35_risk_on,0.00027114967462038564,-3.8735667802912226e-05,0
rule_sector_cap2_breadth_it_us5_top2_convex_ranked_tail_risk_on,2023-04-28,2023-05-31,KR,ETF,379800,0.0004898288480378003,rule_sector_cap2_breadth_it_us5_top2_convex_ranked_tail_count4_floor35_risk_on,0.0004245183349660937,-6.531051307170666e-05,0
rule_sector_cap2_breadth_it_us5_top2_convex_ranked_tail_risk_on,2023-04-28,2023-05-31,US,Health Care,ISRG,0.003139610863611665,rule_sector_cap2_breadth_it_us5_top2_convex_ranked_tail_count4_floor35_risk_on,0.001883766518166999,-0.001255844345444666,0
rule_sector_cap2_breadth_it_us5_top2_convex_ranked_tail_risk_on,2023-04-28,2023-05-31,US,Industrials,FDX,-0.006146269947949724,rule_sector_cap2_breadth_it_us5_top2_convex_ranked_tail_count4_floor35_risk_on,-0.006146269947949724,0.0,0
rule_sector_cap2_breadth_it_us5_top2_convex_ranked_tail_risk_on,2023-04-28,2023-05-31,US,Industrials,GE,0.008406499509597837,rule_sector_cap2_breadth_it_us5_top2_convex_ranked_tail_count4_floor35_risk_on,0.009515048895478872,0.001108549385881034,0
rule_sector_cap2_breadth_it_us5_top2_convex_ranked_tail_risk_on,2023-04-28,2023-05-31,US,Information Technology,MSFT,0.006094736853113546,rule_sector_cap2_breadth_it_us5_top2_convex_ranked_tail_count4_floor35_risk_on,0.005248245623514443,-0.0008464912295991032,0
rule_sector_cap2_breadth_it_us5_top2_convex_ranked_tail_risk_on,2023-04-28,2023-05-31,US,Information Technology,NVDA,0.11811687168056366,rule_sector_cap2_breadth_it_us5_top2_convex_ranked_tail_count4_floor35_risk_on,0.13369272289118744,0.015575851210623784,1
rule_sector_cap2_breadth_it_us5_top2_convex_ranked_tail_risk_on,2023-05-31,2023-06-30,KR,ETF,360750,0.0026095443571171675,rule_sector_cap2_breadth_it_us5_top2_convex_ranked_tail_count4_floor35_risk_on,0.0022616051095015453,-0.00034793924761562225,0
rule_sector_cap2_breadth_it_us5_top2_convex_ranked_tail_risk_on,2023-05-31,2023-06-30,KR,ETF,379800,0.003076923076923081,rule_sector_cap2_breadth_it_us5_top2_convex_ranked_tail_count4_floor35_risk_on,0.0026495726495726533,-0.00042735042735042757,0
rule_sector_cap2_breadth_it_us5_top2_convex_ranked_tail_risk_on,2023-05-31,2023-06-30,US,Financials,BRK.B,0.002836144335837949,rule_sector_cap2_breadth_it_us5_top2_convex_ranked_tail_count4_floor35_risk_on,0.002481626293858206,-0.0003545180419797433,0
rule_sector_cap2_breadth_it_us5_top2_convex_ranked_tail_risk_on,2023-05-31,2023-06-30,US,Health Care,ISRG,0.012659640076171031,rule_sector_cap2_breadth_it_us5_top2_convex_ranked_tail_count4_floor35_risk_on,0.007595784045702618,-0.005063856030468413,0
rule_sector_cap2_breadth_it_us5_top2_convex_ranked_tail_risk_on,2023-05-31,2023-06-30,US,Health Care,LLY,0.010516885257555637,rule_sector_cap2_breadth_it_us5_top2_convex_ranked_tail_count4_floor35_risk_on,0.010516885257555637,0.0,0
rule_sector_cap2_breadth_it_us5_top2_convex_ranked_tail_risk_on,2023-05-31,2023-06-30,US,Information Technology,NVDA,0.030734740620418425,rule_sector_cap2_breadth_it_us5_top2_convex_ranked_tail_count4_floor35_risk_on,0.034787673449484594,0.0040529328290661686,1
rule_sector_cap2_breadth_it_us5_top2_convex_ranked_tail_risk_on,2023-05-31,2023-06-30,US,Information Technology,PLTR,0.010958529559981422,rule_sector_cap2_breadth_it_us5_top2_convex_ranked_tail_count4_floor35_risk_on,0.012403610381077875,0.0014450808210964526,1
rule_sector_cap2_breadth_it_us5_top2_convex_ranked_tail_risk_on,2023-06-30,2023-07-31,KR,ETF,360750,0.00012576144625662825,rule_sector_cap2_breadth_it_us5_top2_convex_ranked_tail_count4_floor35_risk_on,0.00011004126547454973,-1.572018078207852e-05,0
rule_sector_cap2_breadth_it_us5_top2_convex_ranked_tail_risk_on,2023-06-30,2023-07-31,KR,ETF,379800,0.00035056967572304795,rule_sector_cap2_breadth_it_us5_top2_convex_ranked_tail_count4_floor35_risk_on,0.0003038270522933082,-4.674262342973975e-05,0
rule_sector_cap2_breadth_it_us5_top2_convex_ranked_tail_risk_on,2023-06-30,2023-07-31,US,Financials,AXP,-0.0018661758610834154,rule_sector_cap2_breadth_it_us5_top2_convex_ranked_tail_count4_floor35_risk_on,-0.0016069847692662745,0.0002591910918171409,0
rule_sector_cap2_breadth_it_us5_top2_convex_ranked_tail_risk_on,2023-06-30,2023-07-31,US,Industrials,GE,0.004655154709942621,rule_sector_cap2_breadth_it_us5_top2_convex_ranked_tail_count4_floor35_risk_on,0.0027930928259655725,-0.0018620618839770486,0
rule_sector_cap2_breadth_it_us5_top2_convex_ranked_tail_risk_on,2023-06-30,2023-07-31,US,Industrials,UBER,0.016651778503107627,rule_sector_cap2_breadth_it_us5_top2_convex_ranked_tail_count4_floor35_risk_on,0.016651778503107627,0.0,0
rule_sector_cap2_breadth_it_us5_top2_convex_ranked_tail_risk_on,2023-06-30,2023-07-31,US,Information Technology,NVDA,0.027209540245009337,rule_sector_cap2_breadth_it_us5_top2_convex_ranked_tail_count4_floor35_risk_on,0.03079761148610947,0.0035880712411001346,1
rule_sector_cap2_breadth_it_us5_top2_convex_ranked_tail_risk_on,2023-06-30,2023-07-31,US,Information Technology,PLTR,0.07649054568460809,rule_sector_cap2_breadth_it_us5_top2_convex_ranked_tail_count4_floor35_risk_on,0.08657721104961136,0.010086665365003272,1
rule_sector_cap2_breadth_it_us5_top2_convex_ranked_tail_risk_on,2023-07-31,2023-08-31,KR,ETF,360750,0.0011757789535567298,rule_sector_cap2_breadth_it_us5_top2_convex_ranked_tail_count4_floor35_risk_on,0.0010288065843621385,-0.00014697236919459134,0
rule_sector_cap2_breadth_it_us5_top2_convex_ranked_tail_risk_on,2023-07-31,2023-08-31,KR,ETF,379800,0.0015026132404181221,rule_sector_cap2_breadth_it_us5_top2_convex_ranked_tail_count4_floor35_risk_on,0.0013022648083623725,-0.00020034843205574962,0
rule_sector_cap2_breadth_it_us5_top2_convex_ranked_tail_risk_on,2023-07-31,2023-08-31,US,Financials,JPM,-0.005048656201306769,rule_sector_cap2_breadth_it_us5_top2_convex_ranked_tail_count4_floor35_risk_on,-0.004347453951125274,0.000701202250181495,0
rule_sector_cap2_breadth_it_us5_top2_convex_ranked_tail_risk_on,2023-07-31,2023-08-31,US,Industrials,GE,0.00022010336635044526,rule_sector_cap2_breadth_it_us5_top2_convex_ranked_tail_count4_floor35_risk_on,0.00013206201981026715,-8.804134654017811e-05,0
rule_sector_cap2_breadth_it_us5_top2_convex_ranked_tail_risk_on,2023-07-31,2023-08-31,US,Industrials,UBER,-0.0051527920594180545,rule_sector_cap2_breadth_it_us5_top2_convex_ranked_tail_count4_floor35_risk_on,-0.0051527920594180545,0.0,0
rule_sector_cap2_breadth_it_us5_top2_convex_ranked_tail_risk_on,2023-07-31,2023-08-31,US,Information Technology,NVDA,0.014611111605839673,rule_sector_cap2_breadth_it_us5_top2_convex_ranked_tail_count4_floor35_risk_on,0.016537851597818534,0.0019267399919788604,1
rule_sector_cap2_breadth_it_us5_top2_convex_ranked_tail_risk_on,2023-07-31,2023-08-31,US,Information Technology,PLTR,-0.06368952363775988,rule_sector_cap2_breadth_it_us5_top2_convex_ranked_tail_count4_floor35_risk_on,-0.07208814213944252,-0.008398618501682636,1
rule_sector_cap2_breadth_it_us5_top2_convex_ranked_tail_risk_on,2023-08-31,2023-10-31,KR,ETF,360750,-0.0029039499450733176,rule_sector_cap2_breadth_it_us5_top2_convex_ranked_tail_count4_floor35_risk_on,-0.002540956201939153,0.0003629937431341647,0
rule_sector_cap2_breadth_it_us5_top2_convex_ranked_tail_risk_on,2023-08-31,2023-10-31,KR,ETF,379800,-0.0035011405230491732,rule_sector_cap2_breadth_it_us5_top2_convex_ranked_tail_count4_floor35_risk_on,-0.003034321786642617,0.0004668187364065563,0
rule_sector_cap2_breadth_it_us5_top2_convex_ranked_tail_risk_on,2023-08-31,2023-10-31,US,Communication Services,NFLX,-0.005794927954010719,rule_sector_cap2_breadth_it_us5_top2_convex_ranked_tail_count4_floor35_risk_on,-0.005794927954010719,0.0,0
rule_sector_cap2_breadth_it_us5_top2_convex_ranked_tail_risk_on,2023-08-31,2023-10-31,US,Industrials,GE,-0.005743082717036962,rule_sector_cap2_breadth_it_us5_top2_convex_ranked_tail_count4_floor35_risk_on,-0.003445849630222177,0.002297233086814785,0
rule_sector_cap2_breadth_it_us5_top2_convex_ranked_tail_risk_on,2023-08-31,2023-10-31,US,Industrials,UBER,-0.005734854918445873,rule_sector_cap2_breadth_it_us5_top2_convex_ranked_tail_count4_floor35_risk_on,-0.004938347290883947,0.0007965076275619262,0
rule_sector_cap2_breadth_it_us5_top2_convex_ranked_tail_risk_on,2023-08-31,2023-10-31,US,Information Technology,ADBE,-0.012680672357854071,rule_sector_cap2_breadth_it_us5_top2_convex_ranked_tail_count4_floor35_risk_on,-0.014352848932516147,-0.0016721765746620758,0
rule_sector_cap2_breadth_it_us5_top2_convex_ranked_tail_risk_on,2023-08-31,2023-10-31,US,Information Technology,NVDA,-0.04515504781400265,rule_sector_cap2_breadth_it_us5_top2_convex_ranked_tail_count4_floor35_risk_on,-0.05110955961365135,-0.005954511799648704,1
rule_sector_cap2_breadth_it_us5_top2_convex_ranked_tail_risk_on,2023-10-31,2023-11-30,US,Financials,AIG,0.01467952133211532,rule_sector_cap2_breadth_it_us5_top2_convex_ranked_tail_count4_floor35_risk_on,0.01467952133211532,0.0,0
rule_sector_cap2_breadth_it_us5_top2_convex_ranked_tail_risk_on,2023-10-31,2023-11-30,US,Industrials,GD,0.004691077625092,rule_sector_cap2_breadth_it_us5_top2_convex_ranked_tail_count4_floor35_risk_on,0.004691077625092,0.0,0
rule_sector_cap2_breadth_it_us5_top2_convex_ranked_tail_risk_on,2023-10-31,2023-11-30,US,Industrials,LIN,0.016542803707743036,rule_sector_cap2_breadth_it_us5_top2_convex_ranked_tail_count4_floor35_risk_on,0.016542803707743036,0.0,0
rule_sector_cap2_breadth_it_us5_top2_convex_ranked_tail_risk_on,2023-10-31,2023-11-30,US,Information Technology,INTC,0.04573691367992159,rule_sector_cap2_breadth_it_us5_top2_convex_ranked_tail_count4_floor35_risk_on,0.04573691367992159,0.0,0
rule_sector_cap2_breadth_it_us5_top2_convex_ranked_tail_risk_on,2023-10-31,2023-11-30,US,Information Technology,NOW,0.0357102204316059,rule_sector_cap2_breadth_it_us5_top2_convex_ranked_tail_count4_floor35_risk_on,0.0357102204316059,0.0,0
rule_sector_cap2_breadth_it_us5_top2_convex_ranked_tail_risk_on,2023-11-30,2024-01-31,KR,ETF,360750,0.02070591233435269,rule_sector_cap2_breadth_it_us5_top2_convex_ranked_tail_count4_floor35_risk_on,0.02070591233435269,0.0,0
rule_sector_cap2_breadth_it_us5_top2_convex_ranked_tail_risk_on,2023-11-30,2024-01-31,KR,ETF,379800,0.02150714554343737,rule_sector_cap2_breadth_it_us5_top2_convex_ranked_tail_count4_floor35_risk_on,0.02150714554343737,0.0,0
rule_sector_cap2_breadth_it_us5_top2_convex_ranked_tail_risk_on,2023-11-30,2024-01-31,KR,Industrials,056080,-0.033831194867682435,rule_sector_cap2_breadth_it_us5_top2_convex_ranked_tail_count4_floor35_risk_on,-0.033831194867682435,0.0,0
rule_sector_cap2_breadth_it_us5_top2_convex_ranked_tail_risk_on,2023-11-30,2024-01-31,US,Information Technology,PLTR,-0.03703241180010529,rule_sector_cap2_breadth_it_us5_top2_convex_ranked_tail_count4_floor35_risk_on,-0.03703241180010529,0.0,1
rule_sector_cap2_breadth_it_us5_top2_convex_ranked_tail_risk_on,2024-01-31,2024-02-29,KR,ETF,360750,0.0014687882496940067,rule_sector_cap2_breadth_it_us5_top2_convex_ranked_tail_count4_floor35_risk_on,0.0012851897184822558,-0.0001835985312117509,0
rule_sector_cap2_breadth_it_us5_top2_convex_ranked_tail_risk_on,2024-01-31,2024-02-29,KR,ETF,379800,0.001850780798149224,rule_sector_cap2_breadth_it_us5_top2_convex_ranked_tail_count4_floor35_risk_on,0.0016040100250626608,-0.0002467707730865632,0
rule_sector_cap2_breadth_it_us5_top2_convex_ranked_tail_risk_on,2024-01-31,2024-02-29,US,Financials,C,-0.0001835738261459672,rule_sector_cap2_breadth_it_us5_top2_convex_ranked_tail_count4_floor35_risk_on,-0.00015807746140347178,2.5496364742495417e-05,0
rule_sector_cap2_breadth_it_us5_top2_convex_ranked_tail_risk_on,2024-01-31,2024-02-29,US,Health Care,ISRG,0.0022299961047594556,rule_sector_cap2_breadth_it_us5_top2_convex_ranked_tail_count4_floor35_risk_on,0.0013379976628556734,-0.0008919984419037822,0
rule_sector_cap2_breadth_it_us5_top2_convex_ranked_tail_risk_on,2024-01-31,2024-02-29,US,Health Care,LLY,0.019364373379406555,rule_sector_cap2_breadth_it_us5_top2_convex_ranked_tail_count4_floor35_risk_on,0.019364373379406555,0.0,0
rule_sector_cap2_breadth_it_us5_top2_convex_ranked_tail_risk_on,2024-01-31,2024-02-29,US,Information Technology,AMD,0.03851391826479481,rule_sector_cap2_breadth_it_us5_top2_convex_ranked_tail_count4_floor35_risk_on,0.04359267671729523,0.005078758452500415,0
rule_sector_cap2_breadth_it_us5_top2_convex_ranked_tail_risk_on,2024-01-31,2024-02-29,US,Information Technology,NVDA,0.074310499110371,rule_sector_cap2_breadth_it_us5_top2_convex_ranked_tail_count4_floor35_risk_on,0.08410968580624412,0.00979918669587311,1
rule_sector_cap2_breadth_it_us5_top2_convex_ranked_tail_risk_on,2024-02-29,2024-04-30,KR,ETF,360750,0.008060332048621402,rule_sector_cap2_breadth_it_us5_top2_convex_ranked_tail_count4_floor35_risk_on,0.008060332048621402,0.0,0
rule_sector_cap2_breadth_it_us5_top2_convex_ranked_tail_risk_on,2024-02-29,2024-04-30,KR,ETF,379800,0.008946078431372559,rule_sector_cap2_breadth_it_us5_top2_convex_ranked_tail_count4_floor35_risk_on,0.008946078431372559,0.0,0
rule_sector_cap2_breadth_it_us5_top2_convex_ranked_tail_risk_on,2024-02-29,2024-04-30,KR,Information Technology,080220,-0.03217250922509225,rule_sector_cap2_breadth_it_us5_top2_convex_ranked_tail_count4_floor35_risk_on,-0.03217250922509225,0.0,0
rule_sector_cap2_breadth_it_us5_top2_convex_ranked_tail_risk_on,2024-02-29,2024-04-30,KR,Materials,348370,0.003676470588235281,rule_sector_cap2_breadth_it_us5_top2_convex_ranked_tail_count4_floor35_risk_on,0.003676470588235281,0.0,0
rule_sector_cap2_breadth_it_us5_top2_convex_ranked_tail_risk_on,2024-04-30,2024-05-31,KR,ETF,360750,0.0015430845447900537,rule_sector_cap2_breadth_it_us5_top2_convex_ranked_tail_count4_floor35_risk_on,0.0013501989766912968,-0.0001928855680987569,0
rule_sector_cap2_breadth_it_us5_top2_convex_ranked_tail_risk_on,2024-04-30,2024-05-31,KR,ETF,379800,0.0018937706086801548,rule_sector_cap2_breadth_it_us5_top2_convex_ranked_tail_count4_floor35_risk_on,0.0016412678608561343,-0.0002525027478240205,0
rule_sector_cap2_breadth_it_us5_top2_convex_ranked_tail_risk_on,2024-04-30,2024-05-31,US,Financials,AXP,0.0036442159184386963,rule_sector_cap2_breadth_it_us5_top2_convex_ranked_tail_count4_floor35_risk_on,0.0021865295510632176,-0.0014576863673754787,0
rule_sector_cap2_breadth_it_us5_top2_convex_ranked_tail_risk_on,2024-04-30,2024-05-31,US,Financials,WFC,0.0013647266089125332,rule_sector_cap2_breadth_it_us5_top2_convex_ranked_tail_count4_floor35_risk_on,0.00117518124656357,-0.00018954536234896307,0
rule_sector_cap2_breadth_it_us5_top2_convex_ranked_tail_risk_on,2024-04-30,2024-05-31,US,Industrials,GE,0.006667879704904856,rule_sector_cap2_breadth_it_us5_top2_convex_ranked_tail_count4_floor35_risk_on,0.00754716054511209,0.0008792808402072342,0
rule_sector_cap2_breadth_it_us5_top2_convex_ranked_tail_risk_on,2024-04-30,2024-05-31,US,Information Technology,MU,0.01522660951192172,rule_sector_cap2_breadth_it_us5_top2_convex_ranked_tail_count4_floor35_risk_on,0.01522660951192172,0.0,1
rule_sector_cap2_breadth_it_us5_top2_convex_ranked_tail_risk_on,2024-04-30,2024-05-31,US,Information Technology,NVDA,0.08738306529418742,rule_sector_cap2_breadth_it_us5_top2_convex_ranked_tail_count4_floor35_risk_on,0.09890610687144291,0.011523041577255491,1
rule_sector_cap2_breadth_it_us5_top2_convex_ranked_tail_risk_on,2024-05-31,2024-06-28,US,Financials,AXP,-0.0070416422523664314,rule_sector_cap2_breadth_it_us5_top2_convex_ranked_tail_count4_floor35_risk_on,-0.0070416422523664314,0.0,0
rule_sector_cap2_breadth_it_us5_top2_convex_ranked_tail_risk_on,2024-05-31,2024-06-28,US,Financials,GS,-0.0018400010148287738,rule_sector_cap2_breadth_it_us5_top2_convex_ranked_tail_count4_floor35_risk_on,-0.0018400010148287738,0.0,0
rule_sector_cap2_breadth_it_us5_top2_convex_ranked_tail_risk_on,2024-05-31,2024-06-28,US,Industrials,GE,-0.007472428497182682,rule_sector_cap2_breadth_it_us5_top2_convex_ranked_tail_count4_floor35_risk_on,-0.007472428497182682,0.0,0
rule_sector_cap2_breadth_it_us5_top2_convex_ranked_tail_risk_on,2024-05-31,2024-06-28,US,Information Technology,MU,0.010447995298313018,rule_sector_cap2_breadth_it_us5_top2_convex_ranked_tail_count4_floor35_risk_on,0.010447995298313018,0.0,1
rule_sector_cap2_breadth_it_us5_top2_convex_ranked_tail_risk_on,2024-05-31,2024-06-28,US,Information Technology,NVDA,0.0253886323154672,rule_sector_cap2_breadth_it_us5_top2_convex_ranked_tail_count4_floor35_risk_on,0.0253886323154672,0.0,1
rule_sector_cap2_breadth_it_us5_top2_convex_ranked_tail_risk_on,2024-06-28,2024-07-31,KR,Consumer Staples,003230,-0.014573991031390128,rule_sector_cap2_breadth_it_us5_top2_convex_ranked_tail_count4_floor35_risk_on,-0.014573991031390128,0.0,0
rule_sector_cap2_breadth_it_us5_top2_convex_ranked_tail_risk_on,2024-06-28,2024-07-31,KR,ETF,360750,-0.0012407358390682868,rule_sector_cap2_breadth_it_us5_top2_convex_ranked_tail_count4_floor35_risk_on,-0.0012407358390682868,0.0,0
rule_sector_cap2_breadth_it_us5_top2_convex_ranked_tail_risk_on,2024-06-28,2024-07-31,KR,ETF,379800,-0.000762638001162122,rule_sector_cap2_breadth_it_us5_top2_convex_ranked_tail_count4_floor35_risk_on,-0.000762638001162122,0.0,0
rule_sector_cap2_breadth_it_us5_top2_convex_ranked_tail_risk_on,2024-06-28,2024-07-31,US,Information Technology,NVDA,-0.00989559622861702,rule_sector_cap2_breadth_it_us5_top2_convex_ranked_tail_count4_floor35_risk_on,-0.00989559622861702,0.0,1
rule_sector_cap2_breadth_it_us5_top2_convex_ranked_tail_risk_on,2024-07-31,2024-08-30,KR,ETF,069500,-0.002188290398126464,rule_sector_cap2_breadth_it_us5_top2_convex_ranked_tail_count4_floor35_risk_on,-0.001914754098360656,0.0002735362997658079,0
rule_sector_cap2_breadth_it_us5_top2_convex_ranked_tail_risk_on,2024-07-31,2024-08-30,KR,ETF,379800,-0.00028338056342723636,rule_sector_cap2_breadth_it_us5_top2_convex_ranked_tail_count4_floor35_risk_on,-0.00024559648830360485,3.778407512363151e-05,0
rule_sector_cap2_breadth_it_us5_top2_convex_ranked_tail_risk_on,2024-07-31,2024-08-30,US,Financials,AXP,0.002533757610655358,rule_sector_cap2_breadth_it_us5_top2_convex_ranked_tail_count4_floor35_risk_on,0.0015202545663932146,-0.0010135030442621434,0
rule_sector_cap2_breadth_it_us5_top2_convex_ranked_tail_risk_on,2024-07-31,2024-08-30,US,Financials,GS,0.0009516490849595271,rule_sector_cap2_breadth_it_us5_top2_convex_ranked_tail_count4_floor35_risk_on,0.0009516490849595271,0.0,0
rule_sector_cap2_breadth_it_us5_top2_convex_ranked_tail_risk_on,2024-07-31,2024-08-30,US,Health Care,AMGN,0.0007599013468459655,rule_sector_cap2_breadth_it_us5_top2_convex_ranked_tail_count4_floor35_risk_on,0.0006543594931173592,-0.00010554185372860627,0
rule_sector_cap2_breadth_it_us5_top2_convex_ranked_tail_risk_on,2024-07-31,2024-08-30,US,Information Technology,AVGO,0.003462828074615696,rule_sector_cap2_breadth_it_us5_top2_convex_ranked_tail_count4_floor35_risk_on,0.003919464743795788,0.00045663666918009226,0
rule_sector_cap2_breadth_it_us5_top2_convex_ranked_tail_risk_on,2024-07-31,2024-08-30,US,Information Technology,PLTR,0.04438081319303639,rule_sector_cap2_breadth_it_us5_top2_convex_ranked_tail_count4_floor35_risk_on,0.05023322811959065,0.005852414926554257,1
rule_sector_cap2_breadth_it_us5_top2_convex_ranked_tail_risk_on,2024-08-30,2024-09-30,US,Financials,GS,-0.005934371077792733,rule_sector_cap2_breadth_it_us5_top2_convex_ranked_tail_count4_floor35_risk_on,-0.005934371077792733,0.0,0
rule_sector_cap2_breadth_it_us5_top2_convex_ranked_tail_risk_on,2024-08-30,2024-09-30,US,Health Care,ISRG,-0.0005521449589592775,rule_sector_cap2_breadth_it_us5_top2_convex_ranked_tail_count4_floor35_risk_on,-0.0005521449589592775,0.0,0
rule_sector_cap2_breadth_it_us5_top2_convex_ranked_tail_risk_on,2024-08-30,2024-09-30,US,Health Care,LLY,-0.01543302718663877,rule_sector_cap2_breadth_it_us5_top2_convex_ranked_tail_count4_floor35_risk_on,-0.01543302718663877,0.0,0
rule_sector_cap2_breadth_it_us5_top2_convex_ranked_tail_risk_on,2024-08-30,2024-09-30,US,Information Technology,AVGO,0.012587323712809706,rule_sector_cap2_breadth_it_us5_top2_convex_ranked_tail_count4_floor35_risk_on,0.012587323712809706,0.0,0
rule_sector_cap2_breadth_it_us5_top2_convex_ranked_tail_risk_on,2024-08-30,2024-09-30,US,Information Technology,PLTR,0.036340541956035734,rule_sector_cap2_breadth_it_us5_top2_convex_ranked_tail_count4_floor35_risk_on,0.036340541956035734,0.0,1
rule_sector_cap2_breadth_it_us5_top2_convex_ranked_tail_risk_on,2024-09-30,2024-10-31,KR,ETF,360750,0.0028861881831384194,rule_sector_cap2_breadth_it_us5_top2_convex_ranked_tail_count4_floor35_risk_on,0.002525414660246117,-0.00036077352289230237,0
rule_sector_cap2_breadth_it_us5_top2_convex_ranked_tail_risk_on,2024-09-30,2024-10-31,KR,ETF,379800,0.0038139846102375353,rule_sector_cap2_breadth_it_us5_top2_convex_ranked_tail_count4_floor35_risk_on,0.003305453328872531,-0.0005085312813650042,0
rule_sector_cap2_breadth_it_us5_top2_convex_ranked_tail_risk_on,2024-09-30,2024-10-31,US,Financials,AXP,-0.00017461001208754568,rule_sector_cap2_breadth_it_us5_top2_convex_ranked_tail_count4_floor35_risk_on,-0.0001047660072525274,6.984400483501828e-05,0
rule_sector_cap2_breadth_it_us5_top2_convex_ranked_tail_risk_on,2024-09-30,2024-10-31,US,Financials,BK,0.0063056247993934274,rule_sector_cap2_breadth_it_us5_top2_convex_ranked_tail_count4_floor35_risk_on,0.0063056247993934274,0.0,0
rule_sector_cap2_breadth_it_us5_top2_convex_ranked_tail_risk_on,2024-09-30,2024-10-31,US,Health Care,ISRG,0.0017545206885230967,rule_sector_cap2_breadth_it_us5_top2_convex_ranked_tail_count4_floor35_risk_on,0.0015108372595615557,-0.00024368342896154095,0
rule_sector_cap2_breadth_it_us5_top2_convex_ranked_tail_risk_on,2024-09-30,2024-10-31,US,Information Technology,NVDA,0.024235786442098554,rule_sector_cap2_breadth_it_us5_top2_convex_ranked_tail_count4_floor35_risk_on,0.02743171432457309,0.0031959278824745356,1
rule_sector_cap2_breadth_it_us5_top2_convex_ranked_tail_risk_on,2024-09-30,2024-10-31,US,Information Technology,PLTR,0.030473121920490835,rule_sector_cap2_breadth_it_us5_top2_convex_ranked_tail_count4_floor35_risk_on,0.034491555580335787,0.004018433659844951,1
rule_sector_cap2_breadth_it_us5_top2_convex_ranked_tail_risk_on,2024-10-31,2024-11-29,KR,ETF,360750,0.0023236753181393307,rule_sector_cap2_breadth_it_us5_top2_convex_ranked_tail_count4_floor35_risk_on,0.0020332159033719143,-0.00029045941476741645,0
rule_sector_cap2_breadth_it_us5_top2_convex_ranked_tail_risk_on,2024-10-31,2024-11-29,KR,ETF,379800,0.002901050650776225,rule_sector_cap2_breadth_it_us5_top2_convex_ranked_tail_count4_floor35_risk_on,0.0025142438973393953,-0.0003868067534368298,0
rule_sector_cap2_breadth_it_us5_top2_convex_ranked_tail_risk_on,2024-10-31,2024-11-29,US,Financials,BK,0.009872617621911495,rule_sector_cap2_breadth_it_us5_top2_convex_ranked_tail_count4_floor35_risk_on,0.009872617621911495,0.0,0
rule_sector_cap2_breadth_it_us5_top2_convex_ranked_tail_risk_on,2024-10-31,2024-11-29,US,Financials,MS,0.009060277382439016,rule_sector_cap2_breadth_it_us5_top2_convex_ranked_tail_count4_floor35_risk_on,0.007801905523766931,-0.0012583718586720851,0
rule_sector_cap2_breadth_it_us5_top2_convex_ranked_tail_risk_on,2024-10-31,2024-11-29,US,Health Care,ISRG,0.008655809993982544,rule_sector_cap2_breadth_it_us5_top2_convex_ranked_tail_count4_floor35_risk_on,0.005193485996389526,-0.0034623239975930184,0
rule_sector_cap2_breadth_it_us5_top2_convex_ranked_tail_risk_on,2024-10-31,2024-11-29,US,Information Technology,NVDA,0.01075176236703916,rule_sector_cap2_breadth_it_us5_top2_convex_ranked_tail_count4_floor35_risk_on,0.012169577184670698,0.0014178148176315387,1
rule_sector_cap2_breadth_it_us5_top2_convex_ranked_tail_risk_on,2024-10-31,2024-11-29,US,Information Technology,PLTR,0.15965351058151644,rule_sector_cap2_breadth_it_us5_top2_convex_ranked_tail_count4_floor35_risk_on,0.18070672076809005,0.021053210186573607,1
rule_sector_cap2_breadth_it_us5_top2_convex_ranked_tail_risk_on,2024-11-29,2025-01-31,KR,ETF,360750,0.003092501368363441,rule_sector_cap2_breadth_it_us5_top2_convex_ranked_tail_count4_floor35_risk_on,0.002705938697318011,-0.0003865626710454302,0
rule_sector_cap2_breadth_it_us5_top2_convex_ranked_tail_risk_on,2024-11-29,2025-01-31,KR,ETF,379800,0.0040293996940640965,rule_sector_cap2_breadth_it_us5_top2_convex_ranked_tail_count4_floor35_risk_on,0.003492146401522217,-0.0005372532925418793,0
rule_sector_cap2_breadth_it_us5_top2_convex_ranked_tail_risk_on,2024-11-29,2025-01-31,US,Consumer Discretionary,BKNG,-0.0075229893961695,rule_sector_cap2_breadth_it_us5_top2_convex_ranked_tail_count4_floor35_risk_on,-0.006478129757812624,0.0010448596383568756,0
rule_sector_cap2_breadth_it_us5_top2_convex_ranked_tail_risk_on,2024-11-29,2025-01-31,US,Consumer Discretionary,TSLA,0.05596824831526014,rule_sector_cap2_breadth_it_us5_top2_convex_ranked_tail_count4_floor35_risk_on,0.06334867666452522,0.007380428349265077,0
rule_sector_cap2_breadth_it_us5_top2_convex_ranked_tail_risk_on,2024-11-29,2025-01-31,US,Financials,COF,0.008704888649944849,rule_sector_cap2_breadth_it_us5_top2_convex_ranked_tail_count4_floor35_risk_on,0.005222933189966909,-0.0034819554599779395,0
rule_sector_cap2_breadth_it_us5_top2_convex_ranked_tail_risk_on,2024-11-29,2025-01-31,US,Information Technology,NVDA,-0.018777305863384424,rule_sector_cap2_breadth_it_us5_top2_convex_ranked_tail_count4_floor35_risk_on,-0.018777305863384424,0.0,1
rule_sector_cap2_breadth_it_us5_top2_convex_ranked_tail_risk_on,2024-11-29,2025-01-31,US,Information Technology,PLTR,0.07466083145385,rule_sector_cap2_breadth_it_us5_top2_convex_ranked_tail_count4_floor35_risk_on,0.08450621582139066,0.009845384367540663,1
rule_sector_cap2_breadth_it_us5_top2_convex_ranked_tail_risk_on,2025-01-31,2025-02-28,KR,ETF,360750,-0.002328811579152333,rule_sector_cap2_breadth_it_us5_top2_convex_ranked_tail_count4_floor35_risk_on,-0.002037710131758291,0.0002911014473940417,0
rule_sector_cap2_breadth_it_us5_top2_convex_ranked_tail_risk_on,2025-01-31,2025-02-28,KR,ETF,379800,-0.003298604979692746,rule_sector_cap2_breadth_it_us5_top2_convex_ranked_tail_count4_floor35_risk_on,-0.00285879098240038,0.0004398139972923657,0
rule_sector_cap2_breadth_it_us5_top2_convex_ranked_tail_risk_on,2025-01-31,2025-02-28,US,Communication Services,META,-0.004348845212157837,rule_sector_cap2_breadth_it_us5_top2_convex_ranked_tail_count4_floor35_risk_on,-0.004348845212157837,0.0,0
rule_sector_cap2_breadth_it_us5_top2_convex_ranked_tail_risk_on,2025-01-31,2025-02-28,US,Communication Services,NFLX,0.0012643751197512043,rule_sector_cap2_breadth_it_us5_top2_convex_ranked_tail_count4_floor35_risk_on,0.0014311059047733413,0.00016673078502213706,0
rule_sector_cap2_breadth_it_us5_top2_convex_ranked_tail_risk_on,2025-01-31,2025-02-28,US,Financials,GS,-0.0020109174729790818,rule_sector_cap2_breadth_it_us5_top2_convex_ranked_tail_count4_floor35_risk_on,-0.001731623379509765,0.00027929409346931673,0
rule_sector_cap2_breadth_it_us5_top2_convex_ranked_tail_risk_on,2025-01-31,2025-02-28,US,Information Technology,AVGO,-0.014100436131502516,rule_sector_cap2_breadth_it_us5_top2_convex_ranked_tail_count4_floor35_risk_on,-0.00846026167890151,0.0056401744526010066,0
rule_sector_cap2_breadth_it_us5_top2_convex_ranked_tail_risk_on,2025-01-31,2025-02-28,US,Information Technology,PLTR,0.00957388919425583,rule_sector_cap2_breadth_it_us5_top2_convex_ranked_tail_count4_floor35_risk_on,0.010836380077014842,0.0012624908827590115,1
rule_sector_cap2_breadth_it_us5_top2_convex_ranked_tail_risk_on,2025-02-28,2025-03-31,KR,Consumer Staples,003230,0.0,rule_sector_cap2_breadth_it_us5_top2_convex_ranked_tail_count4_floor35_risk_on,0.0,0.0,0
rule_sector_cap2_breadth_it_us5_top2_convex_ranked_tail_risk_on,2025-02-28,2025-03-31,US,Health Care,GILD,-0.002417062528630054,rule_sector_cap2_breadth_it_us5_top2_convex_ranked_tail_count4_floor35_risk_on,-0.002417062528630054,0.0,0
rule_sector_cap2_breadth_it_us5_top2_convex_ranked_tail_risk_on,2025-02-28,2025-03-31,US,,FOX,-0.0037732047355162612,rule_sector_cap2_breadth_it_us5_top2_convex_ranked_tail_count4_floor35_risk_on,-0.0037732047355162612,0.0,0
rule_sector_cap2_breadth_it_us5_top2_convex_ranked_tail_risk_on,2025-02-28,2025-03-31,US,,FOXA,-0.0023660961027920577,rule_sector_cap2_breadth_it_us5_top2_convex_ranked_tail_count4_floor35_risk_on,-0.0023660961027920577,0.0,0
rule_sector_cap2_breadth_it_us5_top2_convex_ranked_tail_risk_on,2025-03-31,2025-04-30,US,Financials,BRK.B,0.00025159896678705884,rule_sector_cap2_breadth_it_us5_top2_convex_ranked_tail_count4_floor35_risk_on,0.00025159896678705884,0.0,0
rule_sector_cap2_breadth_it_us5_top2_convex_ranked_tail_risk_on,2025-03-31,2025-04-30,US,Financials,V,-0.002830601673929856,rule_sector_cap2_breadth_it_us5_top2_convex_ranked_tail_count4_floor35_risk_on,-0.002830601673929856,0.0,0
rule_sector_cap2_breadth_it_us5_top2_convex_ranked_tail_risk_on,2025-03-31,2025-04-30,US,Health Care,CVS,-0.0010399111132725959,rule_sector_cap2_breadth_it_us5_top2_convex_ranked_tail_count4_floor35_risk_on,-0.0010399111132725959,0.0,0
rule_sector_cap2_breadth_it_us5_top2_convex_ranked_tail_risk_on,2025-03-31,2025-04-30,US,Health Care,GILD,-0.009834892176672418,rule_sector_cap2_breadth_it_us5_top2_convex_ranked_tail_count4_floor35_risk_on,-0.009834892176672418,0.0,0
rule_sector_cap2_breadth_it_us5_top2_convex_ranked_tail_risk_on,2025-03-31,2025-04-30,US,Industrials,RTX,-0.009557618365306287,rule_sector_cap2_breadth_it_us5_top2_convex_ranked_tail_count4_floor35_risk_on,-0.009557618365306287,0.0,0
rule_sector_cap2_breadth_it_us5_top2_convex_ranked_tail_risk_on,2025-04-30,2025-05-30,US,Financials,BRK.B,-0.010985469683983819,rule_sector_cap2_breadth_it_us5_top2_convex_ranked_tail_count4_floor35_risk_on,-0.010985469683983819,0.0,0
rule_sector_cap2_breadth_it_us5_top2_convex_ranked_tail_risk_on,2025-04-30,2025-05-30,US,Industrials,GEV,0.05509950250807916,rule_sector_cap2_breadth_it_us5_top2_convex_ranked_tail_count4_floor35_risk_on,0.05509950250807916,0.0,0
rule_sector_cap2_breadth_it_us5_top2_convex_ranked_tail_risk_on,2025-04-30,2025-05-30,US,Industrials,UBER,0.007776821238892718,rule_sector_cap2_breadth_it_us5_top2_convex_ranked_tail_count4_floor35_risk_on,0.007776821238892718,0.0,0
rule_sector_cap2_breadth_it_us5_top2_convex_ranked_tail_risk_on,2025-04-30,2025-05-30,US,Information Technology,AVGO,0.05154050937187465,rule_sector_cap2_breadth_it_us5_top2_convex_ranked_tail_count4_floor35_risk_on,0.05154050937187465,0.0,0
rule_sector_cap2_breadth_it_us5_top2_convex_ranked_tail_risk_on,2025-04-30,2025-05-30,US,Information Technology,PLTR,0.02252616694176464,rule_sector_cap2_breadth_it_us5_top2_convex_ranked_tail_count4_floor35_risk_on,0.02252616694176464,0.0,1
rule_sector_cap2_breadth_it_us5_top2_convex_ranked_tail_risk_on,2025-05-30,2025-06-30,US,Financials,BK,0.005642708604277447,rule_sector_cap2_breadth_it_us5_top2_convex_ranked_tail_count4_floor35_risk_on,0.005642708604277447,0.0,0
rule_sector_cap2_breadth_it_us5_top2_convex_ranked_tail_risk_on,2025-05-30,2025-06-30,US,Industrials,GE,0.00933676125257743,rule_sector_cap2_breadth_it_us5_top2_convex_ranked_tail_count4_floor35_risk_on,0.00933676125257743,0.0,0
rule_sector_cap2_breadth_it_us5_top2_convex_ranked_tail_risk_on,2025-05-30,2025-06-30,US,Industrials,GEV,0.02375152646371581,rule_sector_cap2_breadth_it_us5_top2_convex_ranked_tail_count4_floor35_risk_on,0.02375152646371581,0.0,0
rule_sector_cap2_breadth_it_us5_top2_convex_ranked_tail_risk_on,2025-05-30,2025-06-30,US,Information Technology,AVGO,0.028280047107750984,rule_sector_cap2_breadth_it_us5_top2_convex_ranked_tail_count4_floor35_risk_on,0.028280047107750984,0.0,0
rule_sector_cap2_breadth_it_us5_top2_convex_ranked_tail_risk_on,2025-05-30,2025-06-30,US,Information Technology,PLTR,0.006890284697187488,rule_sector_cap2_breadth_it_us5_top2_convex_ranked_tail_count4_floor35_risk_on,0.006890284697187488,0.0,1
rule_sector_cap2_breadth_it_us5_top2_convex_ranked_tail_risk_on,2025-06-30,2025-07-31,KR,ETF,069500,0.009596179246802597,rule_sector_cap2_breadth_it_us5_top2_convex_ranked_tail_count4_floor35_risk_on,0.009596179246802597,0.0,0
rule_sector_cap2_breadth_it_us5_top2_convex_ranked_tail_risk_on,2025-06-30,2025-07-31,US,Financials,GS,0.0037301524529966823,rule_sector_cap2_breadth_it_us5_top2_convex_ranked_tail_count4_floor35_risk_on,0.0037301524529966823,0.0,0
rule_sector_cap2_breadth_it_us5_top2_convex_ranked_tail_risk_on,2025-06-30,2025-07-31,US,Industrials,GE,0.009120952247796668,rule_sector_cap2_breadth_it_us5_top2_convex_ranked_tail_count4_floor35_risk_on,0.009120952247796668,0.0,0
rule_sector_cap2_breadth_it_us5_top2_convex_ranked_tail_risk_on,2025-06-30,2025-07-31,US,Industrials,GEV,0.041395770423482484,rule_sector_cap2_breadth_it_us5_top2_convex_ranked_tail_count4_floor35_risk_on,0.041395770423482484,0.0,0
rule_sector_cap2_breadth_it_us5_top2_convex_ranked_tail_risk_on,2025-06-30,2025-07-31,US,Information Technology,ORCL,0.02719908370873077,rule_sector_cap2_breadth_it_us5_top2_convex_ranked_tail_count4_floor35_risk_on,0.02719908370873077,0.0,0
rule_sector_cap2_breadth_it_us5_top2_convex_ranked_tail_risk_on,2025-06-30,2025-07-31,US,Information Technology,PLTR,0.026934171551822057,rule_sector_cap2_breadth_it_us5_top2_convex_ranked_tail_count4_floor35_risk_on,0.026934171551822057,0.0,1
rule_sector_cap2_breadth_it_us5_top2_convex_ranked_tail_risk_on,2025-07-31,2025-08-29,KR,ETF,069500,-0.001178209969418761,rule_sector_cap2_breadth_it_us5_top2_convex_ranked_tail_count4_floor35_risk_on,-0.001021115306829593,0.00015709466258916798,0
rule_sector_cap2_breadth_it_us5_top2_convex_ranked_tail_risk_on,2025-07-31,2025-08-29,KR,ETF,360750,0.000799709196655764,rule_sector_cap2_breadth_it_us5_top2_convex_ranked_tail_count4_floor35_risk_on,0.0006997455470737934,-9.996364958197057e-05,0
rule_sector_cap2_breadth_it_us5_top2_convex_ranked_tail_risk_on,2025-07-31,2025-08-29,US,Financials,C,0.003206395799329112,rule_sector_cap2_breadth_it_us5_top2_convex_ranked_tail_count4_floor35_risk_on,0.0027610630494222907,-0.0004453327499068212,0
rule_sector_cap2_breadth_it_us5_top2_convex_ranked_tail_risk_on,2025-07-31,2025-08-29,US,Industrials,GE,0.0021712181042102974,rule_sector_cap2_breadth_it_us5_top2_convex_ranked_tail_count4_floor35_risk_on,0.0013027308625261785,-0.0008684872416841189,0
rule_sector_cap2_breadth_it_us5_top2_convex_ranked_tail_risk_on,2025-07-31,2025-08-29,US,Industrials,GEV,-0.023291322030702836,rule_sector_cap2_breadth_it_us5_top2_convex_ranked_tail_count4_floor35_risk_on,-0.026362705155630682,-0.0030713831249278463,0
rule_sector_cap2_breadth_it_us5_top2_convex_ranked_tail_risk_on,2025-07-31,2025-08-29,US,Information Technology,ORCL,-0.015559640910299408,rule_sector_cap2_breadth_it_us5_top2_convex_ranked_tail_count4_floor35_risk_on,-0.015559640910299408,0.0,0
rule_sector_cap2_breadth_it_us5_top2_convex_ranked_tail_risk_on,2025-07-31,2025-08-29,US,Information Technology,PLTR,-0.0033659600953050346,rule_sector_cap2_breadth_it_us5_top2_convex_ranked_tail_count4_floor35_risk_on,-0.0038098229650155887,-0.00044386286971055417,1
rule_sector_cap2_breadth_it_us5_top2_convex_ranked_tail_risk_on,2025-08-29,2025-09-30,KR,ETF,069500,0.007332176290804832,rule_sector_cap2_breadth_it_us5_top2_convex_ranked_tail_count4_floor35_risk_on,0.006354552785364188,-0.0009776235054406437,0
rule_sector_cap2_breadth_it_us5_top2_convex_ranked_tail_risk_on,2025-08-29,2025-09-30,KR,ETF,360750,0.002051058817504422,rule_sector_cap2_breadth_it_us5_top2_convex_ranked_tail_count4_floor35_risk_on,0.0017946764653163692,-0.0002563823521880527,0
rule_sector_cap2_breadth_it_us5_top2_convex_ranked_tail_risk_on,2025-08-29,2025-09-30,US,Financials,C,0.007293005819291931,rule_sector_cap2_breadth_it_us5_top2_convex_ranked_tail_count4_floor35_risk_on,0.004375803491575158,-0.002917202327716773,0
rule_sector_cap2_breadth_it_us5_top2_convex_ranked_tail_risk_on,2025-08-29,2025-09-30,US,Industrials,GE,0.008094133515027739,rule_sector_cap2_breadth_it_us5_top2_convex_ranked_tail_count4_floor35_risk_on,0.006969948304607219,-0.0011241852104205202,0
rule_sector_cap2_breadth_it_us5_top2_convex_ranked_tail_risk_on,2025-08-29,2025-09-30,US,Industrials,GEV,0.0010233419242941023,rule_sector_cap2_breadth_it_us5_top2_convex_ranked_tail_count4_floor35_risk_on,0.0011582881121131048,0.00013494618781900248,0
rule_sector_cap2_breadth_it_us5_top2_convex_ranked_tail_risk_on,2025-08-29,2025-09-30,US,Information Technology,AVGO,0.015893146435916883,rule_sector_cap2_breadth_it_us5_top2_convex_ranked_tail_count4_floor35_risk_on,0.015893146435916883,0.0,0
rule_sector_cap2_breadth_it_us5_top2_convex_ranked_tail_risk_on,2025-08-29,2025-09-30,US,Information Technology,PLTR,0.05331980642536077,rule_sector_cap2_breadth_it_us5_top2_convex_ranked_tail_count4_floor35_risk_on,0.060350989690243516,0.007031183264882744,1
rule_sector_cap2_breadth_it_us5_top2_convex_ranked_tail_risk_on,2025-09-30,2025-10-31,KR,ETF,069500,0.012778533508288285,rule_sector_cap2_breadth_it_us5_top2_convex_ranked_tail_count4_floor35_risk_on,0.011074729040516514,-0.0017038044677717707,0
rule_sector_cap2_breadth_it_us5_top2_convex_ranked_tail_risk_on,2025-09-30,2025-10-31,KR,ETF,360750,0.002173292382229529,rule_sector_cap2_breadth_it_us5_top2_convex_ranked_tail_count4_floor35_risk_on,0.0019016308344508381,-0.000271661547778691,0
rule_sector_cap2_breadth_it_us5_top2_convex_ranked_tail_risk_on,2025-09-30,2025-10-31,US,Financials,C,-0.0003040089634736834,rule_sector_cap2_breadth_it_us5_top2_convex_ranked_tail_count4_floor35_risk_on,-0.00018240537808421003,0.00012160358538947338,0
rule_sector_cap2_breadth_it_us5_top2_convex_ranked_tail_risk_on,2025-09-30,2025-10-31,US,Financials,GS,-0.0006010203698438359,rule_sector_cap2_breadth_it_us5_top2_convex_ranked_tail_count4_floor35_risk_on,-0.0005175453184766365,8.34750513671994e-05,0
rule_sector_cap2_breadth_it_us5_top2_convex_ranked_tail_risk_on,2025-09-30,2025-10-31,US,Industrials,GE,0.0030886950149644423,rule_sector_cap2_breadth_it_us5_top2_convex_ranked_tail_count4_floor35_risk_on,0.0030886950149644423,0.0,0
rule_sector_cap2_breadth_it_us5_top2_convex_ranked_tail_risk_on,2025-09-30,2025-10-31,US,Information Technology,MU,0.0879358905025983,rule_sector_cap2_breadth_it_us5_top2_convex_ranked_tail_count4_floor35_risk_on,0.09953183210733654,0.011595941604738244,1
rule_sector_cap2_breadth_it_us5_top2_convex_ranked_tail_risk_on,2025-09-30,2025-10-31,US,Information Technology,PLTR,0.0257263504032638,rule_sector_cap2_breadth_it_us5_top2_convex_ranked_tail_count4_floor35_risk_on,0.02911883617072716,0.003392485767463361,1
rule_sector_cap2_breadth_it_us5_top2_convex_ranked_tail_risk_on,2025-10-31,2025-11-28,KR,ETF,069500,-0.004903327996143452,rule_sector_cap2_breadth_it_us5_top2_convex_ranked_tail_count4_floor35_risk_on,-0.004903327996143452,0.0,0
rule_sector_cap2_breadth_it_us5_top2_convex_ranked_tail_risk_on,2025-10-31,2025-11-28,KR,ETF,379800,0.0013370013044545154,rule_sector_cap2_breadth_it_us5_top2_convex_ranked_tail_count4_floor35_risk_on,0.001169876141397701,-0.00016712516305681432,0
rule_sector_cap2_breadth_it_us5_top2_convex_ranked_tail_risk_on,2025-10-31,2025-11-28,US,Financials,C,0.0016865166010278797,rule_sector_cap2_breadth_it_us5_top2_convex_ranked_tail_count4_floor35_risk_on,0.0014616477208908292,-0.0002248688801370505,0
rule_sector_cap2_breadth_it_us5_top2_convex_ranked_tail_risk_on,2025-10-31,2025-11-28,US,Industrials,CAT,-0.00029696175141302104,rule_sector_cap2_breadth_it_us5_top2_convex_ranked_tail_count4_floor35_risk_on,-0.0001781770508478126,0.00011878470056520844,0
rule_sector_cap2_breadth_it_us5_top2_convex_ranked_tail_risk_on,2025-10-31,2025-11-28,US,Industrials,GE,-0.0023304669660365205,rule_sector_cap2_breadth_it_us5_top2_convex_ranked_tail_count4_floor35_risk_on,-0.0020067909985314485,0.000323675967505072,0
rule_sector_cap2_breadth_it_us5_top2_convex_ranked_tail_risk_on,2025-10-31,2025-11-28,US,Information Technology,MU,0.014767838257668383,rule_sector_cap2_breadth_it_us5_top2_convex_ranked_tail_count4_floor35_risk_on,0.01671524550043784,0.0019474072427694573,1
rule_sector_cap2_breadth_it_us5_top2_convex_ranked_tail_risk_on,2025-10-31,2025-11-28,US,Information Technology,PLTR,-0.041528413528936894,rule_sector_cap2_breadth_it_us5_top2_convex_ranked_tail_count4_floor35_risk_on,-0.047004687840445064,-0.00547627431150817,1
rule_sector_cap2_breadth_it_us5_top2_convex_ranked_tail_risk_on,2025-11-28,2026-01-30,KR,ETF,069500,0.04464031947617421,rule_sector_cap2_breadth_it_us5_top2_convex_ranked_tail_count4_floor35_risk_on,0.02678419168570452,-0.01785612779046969,0
rule_sector_cap2_breadth_it_us5_top2_convex_ranked_tail_risk_on,2025-11-28,2026-01-30,KR,ETF,360750,-0.0004021623110560211,rule_sector_cap2_breadth_it_us5_top2_convex_ranked_tail_count4_floor35_risk_on,-0.0003518920221740185,5.027028888200262e-05,0
rule_sector_cap2_breadth_it_us5_top2_convex_ranked_tail_risk_on,2025-11-28,2026-01-30,US,Financials,C,0.006679535390501037,rule_sector_cap2_breadth_it_us5_top2_convex_ranked_tail_count4_floor35_risk_on,0.005788930671767566,-0.0008906047187334709,0
rule_sector_cap2_breadth_it_us5_top2_convex_ranked_tail_risk_on,2025-11-28,2026-01-30,US,Health Care,BIIB,-0.0008284745819524223,rule_sector_cap2_breadth_it_us5_top2_convex_ranked_tail_count4_floor35_risk_on,-0.0007134086677923637,0.00011506591416005855,0
rule_sector_cap2_breadth_it_us5_top2_convex_ranked_tail_risk_on,2025-11-28,2026-01-30,US,Health Care,LLY,-0.00407210188115803,rule_sector_cap2_breadth_it_us5_top2_convex_ranked_tail_count4_floor35_risk_on,-0.00407210188115803,0.0,0
rule_sector_cap2_breadth_it_us5_top2_convex_ranked_tail_risk_on,2025-11-28,2026-01-30,US,Information Technology,LRCX,0.12974060183638436,rule_sector_cap2_breadth_it_us5_top2_convex_ranked_tail_count4_floor35_risk_on,0.14684925262799547,0.017108650791611113,0
rule_sector_cap2_breadth_it_us5_top2_convex_ranked_tail_risk_on,2025-11-28,2026-01-30,US,Information Technology,MU,0.19632771365560706,rule_sector_cap2_breadth_it_us5_top2_convex_ranked_tail_count4_floor35_risk_on,0.22221708248931352,0.02588936883370646,1
rule_sector_cap2_breadth_it_us5_top2_convex_ranked_tail_risk_on,2026-01-30,2026-02-27,KR,ETF,0000J0,0.05669919806324708,rule_sector_cap2_breadth_it_us5_top2_convex_ranked_tail_count4_floor35_risk_on,0.06417601539026868,0.007476817327021601,0
rule_sector_cap2_breadth_it_us5_top2_convex_ranked_tail_risk_on,2026-01-30,2026-02-27,KR,ETF,069500,0.07069238729707007,rule_sector_cap2_breadth_it_us5_top2_convex_ranked_tail_count4_floor35_risk_on,0.08001446034723315,0.009322073050163082,0
rule_sector_cap2_breadth_it_us5_top2_convex_ranked_tail_risk_on,2026-01-30,2026-02-27,US,Financials,GS,-0.004632955126463908,rule_sector_cap2_breadth_it_us5_top2_convex_ranked_tail_count4_floor35_risk_on,-0.004053835735655919,0.0005791193908079887,0
rule_sector_cap2_breadth_it_us5_top2_convex_ranked_tail_risk_on,2026-01-30,2026-02-27,US,Health Care,GILD,0.0035223637640618183,rule_sector_cap2_breadth_it_us5_top2_convex_ranked_tail_count4_floor35_risk_on,0.0030527152621869095,-0.00046964850187490885,0
rule_sector_cap2_breadth_it_us5_top2_convex_ranked_tail_risk_on,2026-01-30,2026-02-27,US,Health Care,JNJ,0.008486820558439728,rule_sector_cap2_breadth_it_us5_top2_convex_ranked_tail_count4_floor35_risk_on,0.007308095480878654,-0.0011787250775610733,0
rule_sector_cap2_breadth_it_us5_top2_convex_ranked_tail_risk_on,2026-01-30,2026-02-27,US,Industrials,CAT,0.01857430450000717,rule_sector_cap2_breadth_it_us5_top2_convex_ranked_tail_count4_floor35_risk_on,0.011144582700004301,-0.00742972180000287,0
rule_sector_cap2_breadth_it_us5_top2_convex_ranked_tail_risk_on,2026-01-30,2026-02-27,US,Industrials,LMT,0.005374433211189736,rule_sector_cap2_breadth_it_us5_top2_convex_ranked_tail_count4_floor35_risk_on,0.005374433211189736,0.0,0
